ID,ISO3V10,Country,Region_Bio1,RegionCode,GDPgroup,Landlock,No_electricity,Biodiversity,AC_Biodiversity,Capacity_GEF,Capacity_no_GEF,Wealth,Governance
6,ARG,Argentina,Americas,L_AM,Upper,0,0,2.427442635,0.888,1.953354956,0.683575901,-0.290677899,-0.371019807
17,BLZ,Belize,Americas,L_AM,Middle,0,0,-0.369866506,0.456,-0.040652561,-0.269485643,-0.479871144,0.194608994
20,BOL,Bolivia,Americas,L_AM,Middle,1,0,2.585676373,1.561,-0.125668861,-0.434753446,-0.538084473,-1.053921232
23,BRA,Brazil,Americas,L_AM,Middle,0,0,8.481701076,3.284,3.033922544,0.281422038,-0.090175499,0.08446722
34,CHL,Chile,Americas,L_AM,Middle,0,0,0.176828633,-0.076,0.732609472,0.078882934,-0.211509998,2.646252587
36,COL,Colombia,Americas,L_AM,Middle,0,0,5.849824082,3.813,1.393494506,0.270710332,-0.391425039,-1.276485653
39,CRI,Costa_Rica,Americas,L_AM,Middle,0,0,0.727541146,1.605,1.660619452,0.997578426,-0.370840063,1.433193218
49,ECU,Ecuador,Americas,L_AM,Middle,0,0,4.104150496,0.712,0.6631893,-0.154850341,-0.474683616,-1.550592466
51,SLV,El_Salvador,Americas,L_AM,Middle,0,0,-0.50181183,0.275,-0.295554691,-0.56080599,-0.49436482,-0.429854749
66,GTM,Guatemala,Americas,L_AM,Middle,0,0,0.891476705,0.606,0.022408355,-0.586445259,-0.510121115,-1.427262703
69,GUY,Guyana,Americas,L_AM,Middle,0,0,0.364409488,-0.294,-0.585825993,-0.416832248,-0.510303038,-0.635651099
71,HND,Honduras,Americas,L_AM,Middle,0,0,0.393536055,0.795,0.135083965,-0.505786491,-0.53817357,-1.292818759
107,MEX,Mexico,Americas,L_AM,Middle,0,0,7.896738033,3.629,2.588864871,0.495718467,-0.237494142,-0.271799625
118,NIC,Nicaragua,Americas,L_AM,Middle,0,0,-0.047601619,0.296,-0.020068174,-0.530611723,-0.555778263,-1.152251231
124,PAN,Panama,Americas,L_AM,Middle,0,0,0.982849856,1.676,0.694669873,0.281964421,-0.379241982,0.185886254
126,PRY,Paraguay,Americas,L_AM,Middle,1,0,0.558374636,0.409,-0.533119815,-0.5183795,-0.51243299,-1.85885791
127,PER,Peru,Americas,L_AM,Middle,0,0,5.016797634,3.052,0.93525032,-0.288200254,-0.430607712,-0.923227801
153,SUR,Suriname,Americas,L_AM,Middle,0,0,0.045916059,0.309,-0.54278784,-0.458439646,-0.365370541,0.171460739
173,URY,Uruguay,Americas,L_AM,Middle,0,0,-0.427498894,-0.232,0.05827829,-0.188122622,-0.252326019,1.852375142
176,VEN,Venezuela,Americas,L_AM,Middle,0,0,2.463237142,0.582,0.277033693,-0.235421813,-0.210389739,-2.24246689
1,AFG,Afghanistan,Asia_Pacific,A_PA,Lower,1,0,-0.51753529,-0.58,-0.788396028,-0.700378851,-0.58579651,-3.788050835
8,AUS,Australia,Asia_Pacific,A_PA,Upper,0,0,2.8027404,0.681,,1.952246056,1.035749254,3.752878882
13,BGD,Bangladesh,Asia_Pacific,A_PA,Lower,0,0,0.250638946,0.601,-0.670962641,-0.70386988,-0.571370884,-1.979388287
19,BTN,Bhutan,Asia_Pacific,A_PA,Middle,1,0,-0.104810819,-0.218,-0.413804915,-0.616865418,-0.538091125,0.749175833
24,BRN,Brunei_Darussalam,Asia_Pacific,A_PA,Upper,0,0,1.095974445,2.653,-0.320423933,0.404169031,0.380671639,1.06976589
28,KHM,Cambodia,Asia_Pacific,A_PA,Lower,0,1,0.382356436,0.581,-0.263382653,-0.709765709,-0.57555991,-1.940513405
35,CHN,China,Asia_Pacific,A_PA,Middle,0,0,5.035778099,1.606,7.981642103,1.10726291,0.098671075,-1.200221234
56,FJI,Fiji,Asia_Pacific,A_PA,Middle,0,0,-1.171112028,-0.73,-0.648469633,-0.552328759,-0.486685263,-0.529807746
73,IND,India,Asia_Pacific,A_PA,Middle,0,0,3.688832889,1.634,1.560548664,-0.266256168,-0.409838708,-0.396666626
74,IDN,Indonesia,Asia_Pacific,A_PA,Middle,0,0,8.064807795,3.604,0.764800522,-0.378839461,-0.449446474,-1.476556919
81,JPN,Japan,Asia_Pacific,A_PA,Upper,0,0,-0.165570621,-0.169,,1.783418171,1.181773645,2.778253537
88,LAO,Laos,Asia_Pacific,A_PA,Middle,1,0,0.829579117,0.905,-0.593878495,-0.671593374,-0.566076248,-2.192334354
100,MYS,Malaysia,Asia_Pacific,A_PA,Middle,0,0,3.124052211,1.45,0.420893969,0.174174265,-0.320748273,0.885509102
101,MDV,Maldives,Asia_Pacific,A_PA,Middle,0,0,-1.559520083,-1.208,-0.444298898,-0.504257582,-0.409890395,-0.139556913
110,MNG,Mongolia,Asia_Pacific,A_PA,Middle,1,0,-0.668676214,-0.816,0.040506864,-0.565635079,-0.530007488,0.012502114
113,MMR,Myanmar,Asia_Pacific,A_PA,Lower,0,0,2.429328132,1.641,-0.872173179,-0.723975783,,-3.436987888
115,NPL,Nepal,Asia_Pacific,A_PA,Lower,1,1,0.289277206,0.543,-0.277969632,-0.669958842,-0.583529528,-1.926025622
117,NZL,New_Zealand,Asia_Pacific,A_PA,Upper,0,0,-0.400232972,-0.318,,1.61503726,0.364178414,4.125075978
123,PAK,Pakistan,Asia_Pacific,A_PA,Middle,0,0,0.182464715,-0.106,-0.063178498,-0.553918489,-0.552520887,-2.262251326
125,PNG,Papua_New_Guinea,Asia_Pacific,A_PA,Lower,0,0,2.257576386,1.846,-0.559974336,-0.703169177,-0.556109081,-1.505843734
128,PHL,Philippines,Asia_Pacific,A_PA,Middle,0,0,2.964921293,2.694,0.261957732,-0.429874787,-0.519470437,-1.10290456
144,SGP,Singapore,Asia_Pacific,A_PA,Upper,0,0,0.124156665,1.228,,1.528915427,0.645240777,3.345431382
147,SLB,Solomon_Islands,Asia_Pacific,A_PA,Middle,0,0,-0.53344746,0.112,-0.849432235,-0.691051612,-0.561766824,-1.11101869
151,LKA,Sri_Lanka,Asia_Pacific,A_PA,Middle,0,0,-0.050089741,0.517,-0.180814396,-0.636704302,-0.523728888,-0.730833204
160,THA,Thailand,Asia_Pacific,A_PA,Middle,0,0,2.805194992,1.63,-0.14765971,-0.33504718,-0.438781919,-0.218608274
177,VNM,Viet_Nam,Asia_Pacific,A_PA,Middle,0,0,1.84989982,1.769,0.685179822,-0.370616542,-0.553347035,-1.038240958
5,ATG,Antigua_and_Barbuda,Caribe,CAR,Upper,0,0,-1.434031134,-0.817,-0.442034642,-0.096397898,-0.210234058,1.852084726
11,BHS,Bahamas,Caribe,CAR,Upper,0,0,-1.297220021,-0.857,0.14154925,0.27466431,0.074308148,2.695690021
14,BRB,Barbados,Caribe,CAR,Upper,0,0,-1.479575243,-0.968,-0.425905908,-0.102670308,-0.186618493,2.934584288
31,CYM,Cayman_Islands,Caribe,CAR,Upper,0,0,-1.444869999,-0.802,,-0.16234064,,2.721733161
42,CUB,Cuba,Caribe,CAR,Middle,0,0,-0.687412902,-0.347,0.431745884,-0.496678401,,-0.881402835
47,DMA,Dominica,Caribe,CAR,Middle,0,0,-1.405467167,-0.717,-0.584808685,-0.35432497,-0.390189408,1.695493538
48,DOM,Dominican_Republic,Caribe,CAR,Middle,0,0,-0.94179487,-0.529,-0.433959116,-0.356765932,-0.442102286,-0.726488886
65,GRD,Grenada,Caribe,CAR,Middle,0,0,-1.446044006,-0.828,-0.516640855,-0.387256685,-0.37500137,1.178814802
70,HTI,Haiti,Caribe,CAR,Lower,0,1,-0.887617949,-0.329,-0.607002953,-0.667933978,-0.579874143,-2.924942301
80,JAM,Jamaica,Caribe,CAR,Middle,0,0,-1.090213428,-0.499,0.124446556,0.325747046,-0.453090766,-0.136927562
134,KNA,Saint_Kitts_and_Nevis,Caribe,CAR,Middle,0,0,-1.510410733,-1.024,-0.687970976,-0.386444562,-0.210459494,
135,LCA,Saint_Lucia,Caribe,CAR,Middle,0,0,-1.402999443,-0.759,-0.454530552,-0.035041873,-0.393015004,1.929907877
136,VCT,Saint_Vincent_and_the_Grenadines,Caribe,CAR,Middle,0,0,-1.442370453,-0.845,-0.493284245,-0.156957092,-0.415871299,1.834767046
163,TTO,Trinidad_and_Tobago,Caribe,CAR,Upper,0,0,-0.99337158,-0.157,-0.686680543,-0.311435494,-0.13122433,0.345080372
2,ALB,Albania,EasternEurope_CentralAsia,EE_CA,Middle,0,0,-0.85228611,-0.727,-0.290263892,-0.348448162,-0.485202829,-0.921363601
7,ARM,Armenia,EasternEurope_CentralAsia,EE_CA,Middle,1,0,-0.669060213,-0.071,0.057801059,-0.231828071,-0.509175426,-0.80033034
10,AZE,Azerbaijan,EasternEurope_CentralAsia,EE_CA,Middle,1,0,-0.546095056,-0.179,-0.307166187,-0.354842151,-0.419968311,-1.954293525
15,BLR,Belarus,EasternEurope_CentralAsia,EE_CA,Middle,1,0,-1.063448731,-0.886,-0.107457959,-0.347452551,-0.428892457,-1.803476112
21,BIH,Bosnia_and_Herzegovina,EasternEurope_CentralAsia,EE_CA,Middle,0,0,-0.830233394,-0.796,-0.436252383,-0.396947801,-0.46233699,-0.809035642
41,HRV,Croatia,EasternEurope_CentralAsia,EE_CA,Upper,0,0,-0.722895586,-0.721,0.203959235,0.023917548,-0.181101597,0.862099866
61,GEO,Georgia,EasternEurope_CentralAsia,EE_CA,Middle,0,0,-0.576285876,-0.179,0.250954082,-0.407192746,-0.517674641,-1.011521682
83,KAZ,Kazakhstan,EasternEurope_CentralAsia,EE_CA,Middle,1,0,-0.428277338,-0.74,0.067818969,-0.409080178,-0.312822148,-1.339069371
87,KGZ,Kyrgyzstan,EasternEurope_CentralAsia,EE_CA,Lower,1,0,-0.931957456,-0.734,-0.325232239,-0.405832725,-0.572278108,-2.023453787
97,MKD,Macedonia,EasternEurope_CentralAsia,EE_CA,Middle,1,0,-0.884293791,-0.75,-0.15180877,-0.266068275,-0.462001698,-0.709791081
109,MDA,Moldova,EasternEurope_CentralAsia,EE_CA,Middle,1,0,-1.022675691,-0.604,-0.318642585,-0.427864451,-0.549366498,-1.076809976
132,RUS,Russia,EasternEurope_CentralAsia,EE_CA,Upper,0,0,0.797377455,-0.464,3.699361178,0.525929386,-0.139868557,-1.691139946
158,TJK,Tajikistan,EasternEurope_CentralAsia,EE_CA,Lower,1,0,-0.917641239,-0.658,-0.492502718,-0.641405544,-0.575572596,-2.467816998
165,TUR,Turkey,EasternEurope_CentralAsia,EE_CA,Middle,0,0,0.177010715,-0.079,0.27944144,-0.123505361,-0.245939353,-0.275155219
166,TKM,Turkmenistan,EasternEurope_CentralAsia,EE_CA,Middle,1,0,-0.802267433,-0.754,-0.521841717,-0.709608347,-0.460106661,-2.687976227
169,UKR,Ukraine,EasternEurope_CentralAsia,EE_CA,Middle,0,0,-0.723818518,-0.724,0.453128017,-0.192801093,-0.497139724,-1.221438578
174,UZB,Uzbekistan,EasternEurope_CentralAsia,EE_CA,Middle,1,0,-0.878452024,-0.773,-0.132485594,-0.363719622,-0.556418544,-2.803311146
9,AUT,Austria,Europe,EUR,Upper,1,0,-0.938314156,-0.557,,1.667134967,0.829904172,3.871595696
16,BEL,Belgium,Europe,EUR,Upper,0,0,-1.161943308,-0.769,,2.034143443,0.770276535,3.167609307
25,BGR,Bulgaria,Europe,EUR,Middle,0,0,-0.789887586,-0.516,0.168059625,-0.171968328,-0.398583269,0.376769705
43,CYP,Cyprus,Europe,EUR,Upper,0,0,-1.231052668,-0.726,,-0.143182309,0.284108489,2.371746131
44,CZE,Czech_Republic,Europe,EUR,Upper,1,0,-1.028083219,-0.728,2.230813974,0.862014312,-0.002878953,1.903256252
45,DNK,Denmark,Europe,EUR,Upper,0,0,-1.258849059,-0.94,,2.347036601,1.142691657,4.388667961
54,EST,Estonia,Europe,EUR,Upper,0,0,-1.225659171,-0.902,0.985094439,1.22959573,-0.153420532,2.203786589
57,FIN,Finland,Europe,EUR,Upper,0,0,-1.272093386,-1.052,,2.390288251,0.787879877,4.535570154
58,FRA,France,Europe,EUR,Upper,0,0,2.371917502,1.272,,2.600701355,0.856748301,2.955807269
62,DEU,Germany,Europe,EUR,Upper,0,0,-0.983426019,-0.864,,2.527830028,0.950670312,3.516171757
64,GRC,Greece,Europe,EUR,Upper,0,0,-0.521614447,-0.262,,0.298482836,0.220723252,1.558016023
72,HUN,Hungary,Europe,EUR,Upper,1,0,-0.961751486,-0.678,0.428246649,0.178361182,-0.19587462,2.006951179
77,IRL,Ireland,Europe,EUR,Upper,0,0,-1.412461717,-1.161,,1.155266944,0.852624084,3.502630166
79,ITA,Italy,Europe,EUR,Upper,0,0,-0.456718183,-0.331,,1.065038676,0.638016391,1.443165199
89,LVA,Latvia,Europe,EUR,Middle,0,0,-1.16890121,-0.872,0.15751586,-0.043761355,-0.25152909,1.351262318
94,LIE,Liechtenstein,Europe,EUR,Upper,1,0,-1.185016873,0.337,,0.459019047,3.419511181,3.406466776
95,LTU,Lithuania,Europe,EUR,Upper,0,0,-1.177542034,-0.884,0.115337285,-0.028688044,-0.24546118,1.473977611
96,LUX,Luxembourg,Europe,EUR,Upper,1,0,-1.218897469,-0.507,,1.078842144,2.568727043,4.004633476
103,MLT,Malta,Europe,EUR,Upper,0,0,-1.417320674,-0.723,,-0.124241135,-0.000175592,2.861652158
116,NLD,Netherlands,Europe,EUR,Upper,0,0,-1.059786386,-0.654,,2.437573837,0.912494028,3.949895397
121,NOR,Norway,Europe,EUR,Upper,0,0,-1.241061695,-1.023,,2.111500423,2.032491015,4.110787108
129,POL,Poland,Europe,EUR,Upper,0,0,-1.014816474,-0.881,1.674584491,1.010427833,-0.188976663,1.424832792
130,PRT,Portugal,Europe,EUR,Upper,0,0,-0.814703324,-0.487,,0.56201574,0.073216272,2.610607035
141,SRB,Serbia,Europe,EUR,Middle,1,0,-0.832147346,-0.531,0.371182585,-0.137744032,-0.427495924,-0.880953845
145,SVK,Slovakia,Europe,EUR,Upper,1,0,-0.96991202,-0.985,1.156053153,1.079992375,-0.098029441,1.591043083
146,SVN,Slovenia,Europe,EUR,Upper,0,0,-0.882248909,-0.28,1.049184419,1.295324423,0.109747546,2.364761049
150,ESP,Spain,Europe,EUR,Upper,0,0,-0.125098162,-0.2,,1.609473278,0.462333371,2.392871404
155,SWE,Sweden,Europe,EUR,Upper,0,0,-1.199932901,-1.064,,2.840638622,0.933423848,4.204344284
156,CHE,Switzerland,Europe,EUR,Upper,1,0,-0.994113542,-0.991,,3.168229175,1.634790564,4.130774127
171,GBR,United_Kingdom,Europe,EUR,Upper,0,0,-1.232875535,-1.052,,4.002949843,0.710866858,3.343342233
3,DZA,Algeria,MiddleEast_NorthAfrica,ME_NA,Middle,0,0,-0.525333047,-0.752,-0.46270136,-0.600609197,-0.449013289,-1.792748033
12,BHR,Bahrain,MiddleEast_NorthAfrica,ME_NA,Upper,0,0,-1.387852383,-0.721,-0.494201255,-0.23872952,-0.081875517,0.463671974
50,EGY,Egypt,MiddleEast_NorthAfrica,ME_NA,Middle,0,0,-0.6888394,-0.763,-0.019484507,-0.454574873,-0.503141838,-1.059736257
75,IRN,Iran,MiddleEast_NorthAfrica,ME_NA,Middle,0,0,0.39640433,-0.118,0.216481222,-0.237664775,-0.435254149,-1.728021697
76,IRQ,Iraq,MiddleEast_NorthAfrica,ME_NA,Middle,0,0,-0.598536798,-0.566,-0.680661974,-0.672654323,-0.512320209,-3.770762603
78,ISR,Israel,MiddleEast_NorthAfrica,ME_NA,Upper,0,0,-0.686410328,-0.005,,2.065669997,0.271968482,1.192865318
82,JOR,Jordan,MiddleEast_NorthAfrica,ME_NA,Middle,0,0,-0.763056601,-0.447,-0.014223771,-0.417918404,-0.468635459,0.040135567
90,LBN,Lebanon,MiddleEast_NorthAfrica,ME_NA,Middle,0,0,-0.818760075,-0.026,-0.189666517,-0.401636871,-0.334656241,-1.28685204
93,LBY,Libyan_Arab_Jamahiriya,MiddleEast_NorthAfrica,ME_NA,Upper,0,0,-0.975473094,-0.934,-0.962127363,-0.686469128,-0.298344864,-1.901354273
111,MAR,Morocco,MiddleEast_NorthAfrica,ME_NA,Middle,0,0,-0.446222871,-0.426,-0.115034362,-0.31066469,-0.505924554,-0.58685033
122,OMN,Oman,MiddleEast_NorthAfrica,ME_NA,Upper,0,0,-1.074061766,-0.864,-0.509553472,-0.212591614,0.033243435,0.794809939
139,SAU,Saudi_Arabia,MiddleEast_NorthAfrica,ME_NA,Upper,0,0,-0.77944131,-0.896,-0.664962816,-0.287311431,-0.050714357,-0.811212974
152,SDN,Sudan,MiddleEast_NorthAfrica,ME_NA,Lower,0,0,-0.292225401,-0.649,-0.507683799,-0.652627455,-0.55387043,-3.374476554
157,SYR,Syria,MiddleEast_NorthAfrica,ME_NA,Middle,0,0,-0.509828416,-0.291,-0.510631501,-0.577176951,-0.512380844,-1.751796279
164,TUN,Tunisia,MiddleEast_NorthAfrica,ME_NA,Middle,0,0,-0.793105471,-0.575,-0.352384194,-0.362277683,-0.470957601,0.002737613
170,ARE,United_Arab_Emirates,MiddleEast_NorthAfrica,ME_NA,Upper,0,0,-1.158155435,-0.872,,-0.172510483,0.661805053,1.18497789
178,YEM,Yemen,MiddleEast_NorthAfrica,ME_NA,Lower,0,0,-0.904251952,-0.815,-0.325560353,-0.64998162,-0.561003939,-2.448445926
30,CAN,Canada,North_America,N_AM,Upper,0,0,-0.084232411,-0.7,,1.517560561,0.89587738,3.841995151
172,USA,United_States_of_America,North_America,N_AM,Upper,0,0,4.904167471,1.553,,5.788762873,2.12943527,2.934350272
4,AGO,Angola,SubSaharanafrica,SS_A,Middle,0,0,1.02854689,0.355,-0.493947039,-0.680740491,-0.463297206,-2.637504208
18,BEN,Benin,SubSaharanafrica,SS_A,Lower,0,1,-0.31387813,-0.025,-0.14042979,-0.600596436,-0.577264527,-0.333347198
22,BWA,Botswana,SubSaharanafrica,SS_A,Middle,1,0,-0.110618761,-0.243,-0.023167228,-0.622513659,-0.383137813,1.740299422
26,BFA,Burkina_Faso,SubSaharanafrica,SS_A,Lower,1,0,-0.440502622,-0.285,-0.471266091,-0.715318875,-0.58350342,-0.619475405
27,BDI,Burundi,SubSaharanafrica,SS_A,Lower,1,0,-0.02544938,0.876,-0.506030635,-0.7228221,-0.593329544,-2.74544886
29,CMR,Cameroon,SubSaharanafrica,SS_A,Lower,0,0,1.45759101,1.136,0.329201659,-0.631766019,-0.563291512,-1.927893201
32,CAF,Central_African_Republic,SubSaharanafrica,SS_A,Lower,1,0,0.282772726,0.037,-0.593522008,-0.691322536,-0.586733391,-2.932900242
33,TCD,Chad,SubSaharanafrica,SS_A,Lower,1,0,-0.423235381,-0.619,-0.510137619,-0.725127336,-0.5778823,-2.914940658
38,COG,Congo,SubSaharanafrica,SS_A,Middle,0,1,0.110972291,0.15,-0.574954785,-0.627567865,-0.511425138,-2.40863394
40,CIV,Cote_d_Ivoire,SubSaharanafrica,SS_A,Lower,0,0,0.458579875,0.402,-0.182739191,-0.617930132,-0.563431393,-2.895496583
46,DJI,Djibouti,SubSaharanafrica,SS_A,Lower,0,0,-0.989449155,-0.421,-0.775613346,-0.673871718,-0.564882862,-1.362302132
52,GNQ,Equatorial_Guinea,SubSaharanafrica,SS_A,Upper,0,0,-0.218066487,0.608,-0.627070167,-0.68723007,0.057366712,-2.70005766
53,ERI,Eritrea,SubSaharanafrica,SS_A,Lower,0,1,-0.619299174,-0.734,-0.64379999,-0.699537615,-0.588214605,-2.099459278
55,ETH,Ethiopia,SubSaharanafrica,SS_A,Lower,1,1,0.573692623,0.073,-0.350622259,-0.706589974,-0.587972851,-2.01618637
59,GAB,Gabon,SubSaharanafrica,SS_A,Middle,0,0,-0.195396545,-0.102,-0.301931404,-0.558536604,-0.32850216,-1.018916133
60,GMB,Gambia,SubSaharanafrica,SS_A,Lower,0,0,-0.640549484,0.252,-0.276483754,-0.434508935,-0.584925572,-0.836653143
63,GHA,Ghana,SubSaharanafrica,SS_A,Lower,0,0,0.343226481,-0.401,-0.113279393,-0.650924444,-0.558285681,0.117485608
67,GIN,Guinea,SubSaharanafrica,SS_A,Lower,0,0,0.336209514,-0.391,-0.309841856,-0.611061619,-0.586494391,-2.691199485
68,GNB,Guinea-Bissau,SubSaharanafrica,SS_A,Lower,0,0,-0.5895404,-0.012,-0.449353646,-0.694003537,-0.583429439,-2.101408682
84,KEN,Kenya,SubSaharanafrica,SS_A,Lower,0,0,1.204014661,0.76,0.225680478,-0.267380337,-0.574225496,-1.700332939
91,LSO,Lesotho,SubSaharanafrica,SS_A,Lower,1,0,-0.796535772,-0.235,-0.632757423,-0.693933935,-0.571765715,-0.18877516
92,LBR,Liberia,SubSaharanafrica,SS_A,Lower,0,0,-0.041040507,0.337,-0.132177047,-0.732939647,-0.590775411,-2.519325846
98,MDG,Madagascar,SubSaharanafrica,SS_A,Lower,0,0,1.209675872,0.845,0.333768094,-0.624166564,-0.586934945,-0.543194851
99,MWI,Malawi,SubSaharanafrica,SS_A,Lower,1,0,0.140271637,0.542,-0.549708603,-0.687163273,-0.589638122,-0.685640872
102,MLI,Mali,SubSaharanafrica,SS_A,Lower,1,0,-0.343509171,-0.567,-0.463587608,-0.698997816,-0.581225263,-0.443789019
105,MRT,Mauritania,SubSaharanafrica,SS_A,Lower,0,0,-0.695289569,-0.776,-0.414994703,-0.687017031,-0.569785489,-1.148542764
106,MUS,Mauritius,SubSaharanafrica,SS_A,Middle,0,0,-1.399096051,-0.892,0.362502612,0.453300531,-0.368869639,1.811959005
112,MOZ,Mozambique,SubSaharanafrica,SS_A,Lower,0,0,0.668206339,0.326,-0.24237934,-0.687484503,-0.586416864,-0.584915202
119,NER,Niger,SubSaharanafrica,SS_A,Lower,1,0,-0.551975041,-0.696,-0.511283593,-0.729273757,-0.589637449,-1.336632695
120,NGA,Nigeria,SubSaharanafrica,SS_A,Lower,0,0,0.731056905,0.255,0.449689191,-0.49716742,-0.540902937,-2.528121445
133,RWA,Rwanda,SubSaharanafrica,SS_A,Lower,1,0,0.209521357,1.198,-0.517467432,-0.678279644,-0.584185094,-1.506089182
138,STP,Sao_Tome_and_Principe,SubSaharanafrica,SS_A,Lower,0,0,-1.34073986,-0.622,-0.450685982,-0.592546741,-0.562090197,-0.353770467
140,SEN,Senegal,SubSaharanafrica,SS_A,Lower,0,1,-0.324450509,-0.169,-0.467586831,-0.595369332,-0.567726387,-0.336362947
142,SYC,Seychelles,SubSaharanafrica,SS_A,Upper,0,0,-1.262390866,-0.266,0.075837201,-0.321850682,-0.278158801,0.738469394
143,SLE,Sierra_Leone,SubSaharanafrica,SS_A,Lower,0,0,-0.138182303,0.32,-0.577709405,-0.719733206,-0.590476737,-1.890477316
148,SOM,Somalia,SubSaharanafrica,SS_A,Lower,0,0,-0.290617956,-0.678,-0.985968716,-0.704946254,,-4.809300122
149,ZAF,South_Africa,SubSaharanafrica,SS_A,Middle,0,0,1.319462789,0.64,2.089617771,0.443444251,-0.358833837,0.831730608
154,SWZ,Swaziland,SubSaharanafrica,SS_A,Middle,1,0,-0.320715307,0.617,-0.604783964,-0.672264627,-0.500626273,-1.350970673
159,TZA,Tanzania,SubSaharanafrica,SS_A,Lower,0,1,1.792454969,1.031,0.051572047,-0.534194289,-0.583173815,-0.821511319
161,TGO,Togo,SubSaharanafrica,SS_A,Lower,0,1,-0.171332358,-0.44,-0.403862494,-0.452144743,-0.584088501,-2.101609588
168,UGA,Uganda,SubSaharanafrica,SS_A,Lower,1,0,0.907030392,-0.245,0.071066672,-0.625113355,-0.584484321,-1.58631233
179,ZMB,Zambia,SubSaharanafrica,SS_A,Lower,1,0,0.431921837,0.137,-0.130556408,-0.660066703,-0.562740196,-0.881276682
180,ZWE,Zimbabwe,SubSaharanafrica,SS_A,Lower,1,0,0.185813729,0.116,0.66778976,-0.535610645,-0.581828564,-2.986605975
