ID,Regions,RegionCode,ISO3V10,Country,ObStud,ExpStud,ObsToExpex,log10Plus1ObsToExp,Papers,PapersCapita,GBIF_Own,GBIF_Exter,GBIF_Total,log10GBIFTot,GBIF_OwnToTotal,CountHerbaria,TotNmbSpec,log10NmbSpc,CountGEFGrants,SumGEFGrants,SumCofinanc,Log10SumGEFCofin,Cofin_To_GEF,InternetUsers,InternetPenetration,GDRE_Mean10Years,AmphRich,Rept_rich,BirdRich,MamsRich,MamsCeballos,MamsCebCountPoints,CountCentPlantDiv,CountEcoregions,CountHotspots,PACOV_pt,AZE_pt,DensAmphRich,DensRept_rich,DensBirdRich,DensMamsRich,VA_Mean,VA_SD,VA_CV,PS_Mean,PS_SD,PS_CV,GE_Mean,GE_SD,GE_CV,RL_Mean,RL_SD,RL_CV,CC_Mean,CC_SD,CC_CV,GDPCAP,Population,Landarea,logGDP2010,logGDP2011
2,Americas,LAM,ARG,Argentina,23,30.93,0.74,0.240549248,57816,1.430651,460845,433319,894164,5.95141718,0.5154,52,4312993,6.63477885,11,33094817,85722463,8.07487961,2.59,28000000,0.67,0.445,164,55,105,360,297,305,14,19,3,29.12,61.92,8.43175499,2.82719327,5.39736846,18.5526329,0.28,0.06,0.23,-0.16,0.3,-1.85,-0.09,0.14,-1.51,-0.63,0.2,-0.32,-0.44,0.07,-0.15,14362.62,40412376,2786353.16,11.6378953,11.6748018
5,Americas,LAM,BLZ,Belize,1,0.24,4.17,0.713490543,83,0.240789,0,145512,145512,5.16289881,0,1,10000,4.00004343,10,12953680,8773020,7.33699379,0.677,63580,0.198,,39,38,16,138,114,2,1,5,1,98.88,,5.27571585,5.14441861,2.16439625,18.6679176,0.74,0.12,0.16,0.2,0.18,0.91,-0.3,0.2,-0.66,-0.16,0.14,-0.92,-0.25,0.13,-0.53,5934.15,344700,22075.7798,9.08673453,9.09503589
7,Americas,LAM,BOL,Bolivia,11,12.19,0.9,0.278753601,1382,0.139176,0,490677,490677,5.6907957,0,5,380000,5.57978474,7,28730000,52271800,7.90849468,1.819,1985970,0.196,0.299,267,49,72,404,316,93,18,17,2,86.24,92.77,16.5676378,3.44965739,4.46766844,25.68584,-0.03,0.1,-3.83,-0.65,0.23,-0.36,-0.51,0.14,-0.27,-0.78,0.26,-0.33,-0.59,0.21,-0.35,4352.61,9929849,1087070.75,10.0877961,10.1097042
8,Americas,LAM,BRA,Brazil,46,94.8,0.49,0.173186268,206461,1.059065,0,1490950,1490950,6.17346308,0,135,6180014,6.79098953,20,185189771,508037836,8.84087585,2.743,81798000,0.422,0.974,859,110,211,638,448,742,31,49,2,82.71,61.08,35.2971268,4.52142795,8.67184557,26.2168282,0.42,0.11,0.25,-0.1,0.23,-2.27,0.01,0.09,9.48,-0.35,0.15,-0.43,-0.03,0.1,-3.2,10055.89,194946470,8536317.62,11.9635457,11.9752536
11,Americas,LAM,CHL,Chile,15,7.85,1.91,0.463892989,32105,1.875984,0,542922,542922,5.73473744,0,11,439722,5.64317918,12,23274677,68975272,7.96496614,2.964,10000000,0.592,0.529,60,29,62,116,118,107,229,13,3,59.88,35.13,4.17126937,1.93416114,4.13513117,7.73664454,1.02,0.11,0.11,0.64,0.19,0.3,1.18,0.06,0.05,1.26,0.03,0.02,1.42,0.09,0.06,13595.9,17113688,757751.365,11.064682,11.0899396
12,Americas,LAM,COL,Colombia,4,12.79,0.31,0.117271296,12854,0.277655,548687,621954,1170641,6.06842373,0.4687,28,1198567,6.07866268,18,66100350,116382642,8.2612224,1.761,25000000,0.559,0.176,748,67,130,460,376,99,16,35,3,89.06,58.89,45.9395167,4.11493232,7.98414599,28.2515744,-0.32,0.16,-0.5,-1.89,0.27,-0.14,-0.09,0.15,-1.69,-0.63,0.22,-0.35,-0.22,0.11,-0.51,8487.6,46294841,1144394.81,11.1731283,11.1980818
13,Americas,LAM,CRI,Costa_Rica,28,0.57,48.9,1.698100546,3195,0.685786,3143213,1166329,4309542,6.63443112,0.7294,8,571200,5.75678896,13,45596600,198238068,8.38709546,4.348,2000000,0.437,0.349,192,23,33,210,,,5,8,1,94.18,64.25,21.9299644,2.62692363,3.76963444,23.9849492,0.97,0.09,0.09,0.69,0.17,0.24,0.24,0.09,0.37,0.51,0.1,0.2,0.52,0.18,0.35,10258.58,4658887,51452.0236,10.3864986,10.4043429
17,Americas,LAM,ECU,Ecuador,12,2.83,4.23,0.718501689,2148,0.148499,0,1096239,1096239,6.03990525,0,15,712750,5.85293784,16,58109433,79779593,8.13952971,1.373,4075500,0.272,0.109,485,47,131,353,291,27,45,13,2,91.88,80.66,4.12116788,3.88792738,1.83656355,29.2816273,-0.26,0.09,-0.36,-0.78,0.1,-0.13,-0.82,0.08,-0.1,-0.95,0.21,-0.22,-0.84,0.11,-0.13,7325,14464739,258165.716,10.3978674,10.4304245
18,Americas,LAM,SLV,El_Salvador,0,0.22,0,0,186,3.00E-02,0,70626,70626,4.84896461,0,4,75500,4.8779527,6,9402445,18613000,7.44739754,1.98,1257380,0.207,0.092,35,21,17,137,,,,5,1,4.88,0,4.86982698,2.88418962,2.33482168,18.8159373,0.07,0.07,1.09,0.01,0.14,15.86,-0.24,0.17,-0.72,-0.63,0.15,-0.24,-0.38,0.17,-0.45,6048.05,6192993,20463.3827,10.1994424,10.2057839
21,Americas,LAM,GTM,Guatemala,0,1.22,0,0,615,4.27E-02,0,283174,283174,5.45205338,0,6,134757,5.12955456,11,19057695,39118002,7.7647416,2.053,2280000,0.165,0.053,140,82,32,205,170,12,2,12,1,80.12,5.88,13.7449697,8.56282222,3.14148794,2.12515756,-0.33,0.1,-0.3,-0.8,0.07,-0.08,-0.57,0.09,-0.16,-1.08,0.1,-0.09,-0.61,0.08,-0.14,4283.7,14388929,109666.23,10.4281638,10.4446466
22,Americas,LAM,GUY,Guyana,1,2.37,0.42,0.152288344,149,0.197484,0,164877,164877,5.21716008,0,2,57800,4.76193535,3,3354600,833000,6.6219653,0.248,225593,0.303,,150,22,11,239,198,20,3,8,,29.35,12.01,12.9193128,1.89483244,0.947416219,2.58477573,0.24,0.28,1.16,-0.57,0.09,-0.16,-0.21,0.12,-0.58,-0.59,0.1,-0.16,-0.51,0.08,-0.16,2794.16,754493,210988.775,8.96064496,
24,Americas,LAM,HND,Honduras,1,1.27,0.79,0.252853031,279,3.67E-02,0,177316,177316,5.24874793,0,5,309621,5.49083181,7,15818755,75801000,7.96198913,4.792,1067560,0.131,0.042,128,38,27,191,168,13,1,8,2,82.24,40.03,12.4911867,3.78397975,2.63463447,18.637599,-0.29,0.12,-0.41,-0.47,0.14,-0.29,-0.6,0.06,-0.09,-0.9,0.08,-0.09,-0.82,0.08,-0.1,3515.76,7600524,113036.064,10.0245813,10.0400359
27,Americas,LAM,MEX,Mexico,27,21.79,1.24,0.350248018,73075,0.644269,2997840,2618970,5616810,6.74948973,0.5337,65,4571482,6.66005711,20,140217302,480867441,8.79315086,3.429,42000000,0.365,0.386,372,631,97,473,416,231,17,82,3,63,29.05,2.51778276,34.8313227,5.35679677,26.8847189,0.16,0.1,0.62,-0.45,0.29,-0.63,0.18,0.06,0.32,-0.49,0.1,-0.21,-0.26,0.06,-0.23,12498.34,113423047,1959126.88,11.8417868,11.8584467
28,Americas,LAM,NIC,Nicaragua,1,1.33,0.75,0.243038049,396,6.84E-02,0,245666,245666,5.39034506,0,4,42500,4.62839915,5,10312120,51314969,7.78977166,4.976,663500,0.117,0.065,74,24,21,186,165,15,,17,1,91.12,,7.12512489,2.31851315,2.21994917,17.9997687,-0.23,0.18,-0.81,-0.28,0.17,-0.62,-0.81,0.11,-0.14,-0.78,0.08,-0.1,-0.66,0.19,-0.29,2499.39,5788163,120835.959,9.83412209,9.85551828
29,Americas,LAM,PAN,Panama,27,0.82,32.79,1.528788192,1905,0.541683,0,699839,699839,5.84499814,0,3,82200,4.9148771,11,26124728,92573000,8.07444241,3.544,1503441,0.434,0.288,204,23,39,239,214,15,4,9,2,90.76,99.67,21.5625442,2.43171165,4.12225115,25.2623617,0.52,0.05,0.1,0.05,0.11,2.23,0.09,0.07,0.78,-0.16,0.03,-0.21,-0.32,0.09,-0.27,12541.42,3516820,75796.7911,10.332162,10.3759209
30,Americas,LAM,PRY,Paraguay,0,4.48,0,0,352,5.45E-02,0,236403,236403,5.37365298,0,4,132500,5.12221916,4,10250448,5779744,7.20493875,0.564,1523273,0.256,0.085,90,22,62,187,156,32,7,7,2,31.94,0,6.81631957,1.66621145,4.69568681,14.1627973,-0.34,0.16,-0.46,-0.81,0.24,-0.29,-0.91,0.12,-0.13,-1.06,0.09,-0.08,-1.2,0.25,-0.21,4656.36,6454548,401294.153,10.0081479,10.0369277
31,Americas,LAM,PER,Peru,11,14.46,0.76,0.245512668,3782,0.130071,3209,1126215,1129424,6.05285701,0.0028,16,829450,5.91879074,20,66912227,149444549,8.3351705,2.233,9973244,0.341,0.106,482,66,155,464,367,124,18,19,2,78.88,74.89,28.8844737,3.95513544,9.28857557,27.8584197,-0.01,0.14,-22.85,-0.96,0.12,-0.13,-0.37,0.15,-0.41,-0.68,0.09,-0.13,-0.28,0.11,-0.38,8558.36,29076512,1293936.3,10.9660206,10.9946215
36,Americas,LAM,SUR,Suriname,0,1.62,0,0,83,0.158205,0,118908,118908,5.07521107,0,1,37000,4.56821346,3,10297556,10466666,7.31731568,1.016,165733,0.337,,107,23,10,210,285,15,,7,,58.82,,9.93735652,2.12884373,0.925582771,19.4372382,0.34,0.15,0.44,0.2,0.17,0.86,-0.13,0.07,-0.52,-0.24,0.08,-0.34,-0.02,0.26,-17.37,6929.86,524636,147205.383,9.15718595,
39,Americas,LAM,URY,Uruguay,0,1.98,0,0,4623,1.377293,0,11931941,11931941,7.0767111,0,6,217000,5.33646174,8,16305937,20427800,7.56506512,1.253,1855000,0.561,0.324,48,11,38,92,91,20,,5,1,1.47,,4.28272146,0.981457435,3.3948782,8.28549458,0.99,0.09,0.09,0.8,0.1,0.12,0.5,0.1,0.2,0.54,0.11,0.2,1.01,0.21,0.21,12902.74,3356584,176850.805,10.4847859,10.5088622
40,Americas,LAM,VEN,Venezuela,6,10.22,0.59,0.201397124,11872,0.411736,0,42945,42945,4.63291261,0,19,956298,5.9805937,7,33437754,87309749,8.08187816,2.611,10976342,0.397,,322,50,57,363,286,84,8,25,2,100,62.53,2.67186163,3.29916415,3.65934698,23.3399375,-0.64,0.22,-0.35,-1.24,0.19,-0.15,-0.97,0.08,-0.09,-1.35,0.23,-0.17,-0.99,0.19,-0.19,10805.45,28834000,917025.5,11.2025015,11.2202709
41,Asia_Pacific,APC,AFG,Afghanistan,0,7.15,0,0,107,3.11E-03,0,57223,57223,4.75757062,0,2,33609,4.52646851,2,1369000,820000,6.34024596,0.599,1256470,0.042,,9,28,20,139,114,60,66,17,2,2.18,0,0.622924669,1.92979748,1.37842677,9.58665437,-1.36,0.25,-0.19,-2.44,0.21,-0.09,-1.46,0.37,-0.25,-1.83,0.11,-0.06,-1.55,0.15,-0.1,879.03,34385068.1,643030.368,,
42,Asia_Pacific,APC,AUS,Australia,65,86.1,0.75,0.243038049,267024,11.958726,18321402,1054801,19376203,7.28726868,0.9456,46,7678864,6.88529703,,,,,,19554832,0.898,1.834,224,162,80,281,119,801,60,41,2,61.24,99.9,9.39217934,6.79255827,3.35434977,11.7821536,1.43,0.06,0.04,0.95,0.16,0.16,1.81,0.09,0.05,1.76,0.04,0.02,1.99,0.11,0.06,34139.23,22328800,7716284.08,11.7495436,11.7577418
43,Asia_Pacific,APC,BGD,Bangladesh,0,1.54,0,0,6409,4.31E-02,0,17053,17053,4.23180079,0,1,100000,5.00000434,3,6682990,7665700,7.15681228,1.147,5501609,0.035,,47,54,43,164,154,15,,9,2,10.76,,4.46262955,5.56387168,4.26149411,15.3553768,-0.46,0.14,-0.3,-1.35,0.3,-0.22,-0.76,0.11,-0.14,-0.88,0.12,-0.13,-1.18,0.2,-0.17,1485,148692131,138968.652,10.9189707,10.9471681
44,Asia_Pacific,APC,BTN,Bhutan,0,0.44,0,0,116,0.159793,0,10111,10111,4.00479411,0,1,14700,4.16734688,7,14337713,12517000,7.42902053,0.873,98728,0.139,,32,23,35,174,101,3,,10,1,95.06,84.12,3.84634839,2.76456295,4.2694355,2.91451936,-0.87,0.27,-0.32,0.86,0.29,0.34,0.38,0.27,0.71,0.27,0.1,0.36,0.69,0.13,0.2,4780.12,725940,39857.2012,9.00475402,9.02830966
45,Asia_Pacific,APC,BRN,Brunei_Darussalam,1,0.06,15.87,1.227115083,,0,0,9449,9449,3.97538585,0,1,20000,4.30105171,0,0,0,0,0,318900,0.794,0.024,66,48,100,175,,,4,4,1,100,,11.6766469,8.49216861,17.6918893,3.96862659,-0.91,0.14,-0.15,1.21,0.11,0.09,0.77,0.24,0.31,0.52,0.18,0.35,0.44,0.26,0.6,45155.61,398920,5769.37721,9.837053,9.84653942
46,Asia_Pacific,APC,KHM,Cambodia,0,1.99,0,0,663,4.69E-02,0,15668,15668,4.19501356,0,1,12500,4.09694476,8,11039744,25248382,7.55976455,2.287,449160,0.031,0.05,57,64,40,177,125,18,1,8,1,100,,5.5399812,5.67466456,3.54666535,15.6939942,-0.88,0.08,-0.09,-0.56,0.17,-0.31,-0.88,0.06,-0.07,-1.11,0.09,-0.08,-1.09,0.13,-0.12,1942.99,14138255,182473.12,9.89701204,9.9266781
47,Asia_Pacific,APC,CHN,China,21,104.66,0.2,0.079181246,813158,0.607605,0,779423,779423,5.89177322,0,336,18452438,7.26605378,29,143116183,1366755123,9.17893993,9.55,513100000,0.384,1.038,381,100,127,604,406,983,71,65,4,64.35,68.32,15.3679463,4.33577682,5.12263488,24.3627674,-1.57,0.13,-0.08,-0.53,0.11,-0.21,0.03,0.14,4.79,-0.41,0.07,-0.16,-0.52,0.12,-0.24,6810.09,1338299512,9365944.83,12.5113496,12.5499698
48,Asia_Pacific,APC,FJI,Fiji,0,0.18,0,0,537,0.623967,0,347705,347705,5.54121094,0,1,40000,4.60207085,3,446575,159000,5.78216866,0.356,162880,0.184,,2,5,27,9,6,9,1,2,1,8,18.71,0.278743422,0.696767655,3.7625817,1.25416937,-0.3,0.41,-1.34,0.11,0.25,2.3,-0.43,0.32,-0.76,-0.42,0.31,-0.74,-0.37,0.32,-0.85,4060.24,860623,19029.685,9.28080326,9.28949192
49,Asia_Pacific,APC,HKG,Hong_Kong,,,,0,380,5.38E-02,281,12495,12776,4.1063949,0.022,0,0,0,,,,,,4894913,0.687,0.652,,,,,,,,,,100,,,,,,0.43,0.21,0.48,1,0.15,0.15,1.67,0.2,0.12,1.45,0.24,0.17,1.86,0.16,0.08,41714.04,7067800,1223.51827,11.4080853,11.4288237
50,Asia_Pacific,APC,IND,India,2,35.14,0.06,0.025305865,291922,0.249306,12618,491944,504562,5.70291454,0.025,72,4878936,6.68832521,13,71492003,193375722,8.42302904,2.705,121000000,0.102,0.735,254,119,122,401,343,309,124,49,4,29.82,43.37,12.6376845,5.92834361,6.76698589,19.9516136,0.4,0.06,0.15,-1.19,0.17,-0.15,-0.05,0.08,-1.65,0.08,0.1,1.19,-0.41,0.07,-0.16,3240.5,1170938000,3279681.99,11.9882579,12.0170565
51,Asia_Pacific,APC,IDN,Indonesia,12,21.31,0.56,0.193124598,6544,2.73E-02,0,596260,596260,5.77543568,0,11,2184683,6.33938863,14,47497985,162880058,8.32300041,3.429,55000000,0.224,0.066,369,158,307,667,478,317,83,38,2,81.12,61.75,2.47616547,8.76755896,17.355969,37.1219261,-0.22,0.14,-0.66,-1.43,0.47,-0.33,-0.33,0.1,-0.3,-0.74,0.12,-0.16,-0.82,0.17,-0.21,3879.81,239870937,1900662.92,11.4389293,11.4661034
52,Asia_Pacific,APC,JPN,Japan,18,4.47,4.03,0.701567985,806255,6.326027,2467605,523583,2991188,6.47584371,0.825,69,10618710,7.0260718,,,,,,101228736,0.8,3.155,59,17,46,107,143,83,2,9,1,87.82,48.48,4.53392536,1.36385276,3.53492485,8.22254259,0.98,0.05,0.05,0.97,0.08,0.08,1.36,0.14,0.11,1.28,0.07,0.05,1.23,0.17,0.14,30902.66,127450459,373154.112,12.707095,12.7040442
53,Asia_Pacific,APC,KIR,Kiribati,,,,0,4,4.02E-02,0,19790,19790,4.29644579,0,0,0,0,4,1299590,976089,6.35711119,0.751,8959,0.089,,0,3,21,2,0,2,,3,1,100,100,,0.752188284,5.2653162,0.514586686,0.73,0.23,0.32,,,,-0.6,0.22,-0.38,0.47,0.26,0.56,0.03,0.21,8.15,2214.45,99546,1009.19308,7.85145583,7.85920361
54,Asia_Pacific,APC,LAO,Laos,0,2.6,0,0,424,6.84E-02,0,45847,45847,4.66131092,0,0,0,0,5,10113025,7554975,7.24718742,0.747,527400,0.081,0.036,102,49,44,249,157,17,1,9,1,94,,8.62588467,4.14387338,3.72969854,21.5736672,-1.62,0.16,-0.1,-0.38,0.37,-0.98,-0.97,0.12,-0.12,-0.98,0.11,-0.11,-1.16,0.16,-0.14,2297.81,6200894,231197.229,9.53715359,9.57073275
55,Asia_Pacific,APC,MAC,Macao,,,,0,57,0.104846,0,174,174,2.24054925,0,0,0,0,0,0,0,0,0,308797,0.539,0.078,,,,,,,,,,0,,,,,,0.35,0.2,0.58,0.77,0.38,0.49,1.07,0.24,0.22,0.69,0.37,0.53,0.48,0.41,0.86,55318.72,543656,27.75406,10.2678743,10.3497255
56,Asia_Pacific,APC,MYS,Malaysia,18,3.72,4.83,0.765668555,23282,0.819759,0,244207,244207,5.38775811,0,11,846276,5.92751254,8,21371530,36128321,7.75966673,1.69,17723000,0.617,0.495,213,99,132,313,259,43,134,12,2,100,99.99,16.7632146,7.7912635,1.38835133,24.6329846,-0.44,0.14,-0.33,0.21,0.18,0.83,1.09,0.08,0.08,0.5,0.07,0.13,0.24,0.15,0.64,13186.24,28401017,331235.222,11.166714,11.1882486
57,Asia_Pacific,APC,MDV,Maldives,,,,0,30,9.50E-02,0,41799,41799,4.62116589,0,0,0,0,3,2532986,5942200,6.92814929,2.346,114100,0.289,,1,2,2,2,1,1,,1,,0,,0.319148664,0.638297213,0.638297213,0.638297213,-0.69,0.37,-0.54,0.49,0.49,1.01,-0.02,0.24,-10.84,0.07,0.21,2.88,-0.44,0.31,-0.71,5135.97,315885,302.019677,9.0793684,9.11063346
58,Asia_Pacific,APC,MHL,Marshall_Islands,,,,0,,0,0,46833,46833,4.67055198,0,0,0,0,2,450000,87800,5.73062161,0.195,6540,0.097,,0,5,16,2,,,,1,1,21.82,,,1.51177615,4.83768325,0.647146912,1.17,0.07,0.06,,,,-1.13,0.18,-0.16,-0.15,0.21,-1.39,-0.57,0.17,-0.3,2377.25,54038,409.911066,8.11960513,8.14079443
59,Asia_Pacific,APC,FSM,Micronesia,,,,0,62,0.558237,0,61943,61943,4.79199224,0,0,0,0,3,1195244,1472660,6.42617036,1.232,22213,0.208,,0,5,19,9,,,,2,1,18.47,0,,1.36583373,5.19168173,2.45857136,0.99,0.07,0.07,,,,-0.65,0.22,-0.34,0.22,0.41,1.83,-0.28,0.16,-0.55,2878.1,111064,657.44716,8.37477529,8.3835908
60,Asia_Pacific,APC,MNG,Mongolia,9,17.32,0.52,0.181843588,,0,0,118169,118169,5.07250356,0,2,123000,5.08990864,12,15074122,28359247,7.63782353,1.881,355524,0.113,0.221,6,6,21,141,109,183,1,17,,69.47,,0.346119982,0.346119982,1.21138849,8.13368459,0.19,0.14,0.73,0.72,0.18,0.25,-0.43,0.15,-0.35,-0.16,0.25,-1.53,-0.49,0.25,-0.5,3612.58,2756001,1565594.38,9.32842126,9.39850956
61,Asia_Pacific,APC,MMR,Myanmar,0,7.48,0,0,358,7.46E-03,0,63410,63410,4.80215775,0,5,45500,4.65802094,1,200000,50000,5.39794175,0.25,110000,0.002,0.081,131,92,101,344,,,75,19,3,34.12,89.89,8.94671493,6.28318911,6.89784892,23.4936636,-2.13,0.06,-0.03,-1.22,0.26,-0.21,-1.47,0.16,-0.11,-1.51,0.11,-0.07,-1.54,0.17,-0.11,1025.09,47963012,673036.286,,
62,Asia_Pacific,APC,NPL,Nepal,0,1.64,0,0,2059,6.87E-02,0,78590,78590,4.89536729,0,2,181800,5.25959627,8,13492873,22189245,7.55245064,1.645,2031245,0.069,,49,30,45,206,142,13,,12,1,62.18,,4.53288418,2.77523299,4.16284936,19.5659936,-0.74,0.31,-0.41,-1.82,0.23,-0.13,-0.69,0.13,-0.19,-0.72,0.19,-0.26,-0.6,0.15,-0.26,1075.39,29959364,147607.726,9.90668054,9.92322943
63,Asia_Pacific,APC,NZL,New_Zealand,19,2.99,6.36,0.866877814,50839,11.639498,1479957,825320,2305277,6.36272312,0.642,17,1457556,6.16362555,,,,,,3325553,0.845,1.11,7,11,80,9,,,40,14,2,83.94,0.82,0.573971326,0.919549416,6.55967233,0.737963135,1.57,0.1,0.06,1.22,0.13,0.11,1.77,0.12,0.07,1.85,0.05,0.03,2.36,0.06,0.03,25738.12,4367800,269798.303,10.8054839,10.8096971
64,Asia_Pacific,APC,PAK,Pakistan,0,9.59,0,0,19544,0.112585,174,166888,167062,5.22287768,0.001,13,662300,5.82105541,8,25844932,40415801,7.82125624,1.564,29128970,0.155,0.274,20,52,40,189,159,87,,20,2,58.88,,1.32335919,3.43287339,2.64671837,12.4771744,-1.04,0.2,-0.19,-2.01,0.54,-0.27,-0.53,0.15,-0.29,-0.84,0.08,-0.09,-0.91,0.16,-0.17,2416.66,173593383,797494.668,11.0621662,11.0748173
65,Asia_Pacific,APC,PNG,Papua_New_Guinea,0,5.24,0,0,,0,0,636615,636615,5.80387687,0,4,327093,5.51467258,4,15282000,17378000,7.51401619,1.137,125000,0.02,,266,69,85,252,,,91,16,1,14.18,4.49,19.542413,5.69272534,6.24475626,18.513865,-0.01,0.15,-12.58,-0.7,0.2,-0.28,-0.67,0.14,-0.21,-1.02,0.11,-0.11,-1.13,0.18,-0.16,2217.33,6858266,467215.51,9.70791015,9.74533664
66,Asia_Pacific,APC,PHL,Philippines,0,3.32,0,0,5430,5.82E-02,0,581721,581721,5.76471474,0,12,400892,5.60302847,12,48021104,99731843,8.16953616,2.077,33600000,0.33,0.122,101,196,144,188,252,61,247,11,2,64,38.23,8.12188987,15.7612912,11.5797242,15.1179732,-0.01,0.13,-16.16,-1.49,0.24,-0.16,-0.08,0.09,-1.09,-0.51,0.09,-0.17,-0.64,0.13,-0.21,3560.5,93260798,297386.594,11.1106484,11.1273014
67,Asia_Pacific,APC,WSM,Samoa,0,0.03,0,0,32,0.174786,0,13867,13867,4.14198252,0,0,0,0,4,1300988,674148,6.29559723,0.518,12816,0.066,,0,4,20,5,,,,1,1,20.59,0,,0.813868666,4.69343331,1.17335833,0.61,0.08,0.13,1.12,0.09,0.08,0.21,0.19,0.94,0.87,0.15,0.18,0.11,0.11,1.04,3946.87,183081,2867.66433,8.5105098,8.51910997
68,Asia_Pacific,APC,SGP,Singapore,1,0.01,135.86,2.136276536,62763,12.362952,0,21543,21543,4.33330618,0,2,668000,5.82477711,,,,,,3658400,0.772,1.996,27,50,75,61,,,,1,1,28.47,,7.3451382,13.6217776,2.43161664,16.5945715,-0.17,0.25,-1.44,1.11,0.13,0.12,2.12,0.18,0.08,1.62,0.15,0.09,2.27,0.07,0.03,51969.47,5076700,671.149025,11.2193408,11.2400712
69,Asia_Pacific,APC,SLB,Solomon_Islands,0,0.3,0,0,72,0.133792,0,68737,68737,4.83719057,0,1,35000,4.54408045,2,131580,0,5.11919318,0,26907,0.047,,19,13,50,56,,,,2,1,0.53,0,2.44437838,1.66977326,6.42224837,7.19286942,0.17,0.16,0.99,0.04,0.43,10.43,-1.24,0.5,-0.41,-0.98,0.37,-0.38,-0.6,0.41,-0.68,2430.1,538148,28604.1637,8.78924709,8.82667359
70,Asia_Pacific,APC,LKA,Sri_Lanka,0,0.74,0,0,,0,0,74639,74639,4.87296581,0,2,132000,5.12057722,8,23595218,58020558,7.91177412,2.459,2503194,0.118,0.16,91,57,27,92,,,3,4,1,85.24,33.34,9.88644257,6.18897497,2.93161973,9.98922277,-0.32,0.16,-0.5,-1.28,0.39,-0.31,-0.2,0.12,-0.59,0.11,0.13,1.15,-0.26,0.11,-0.44,4555.04,20859949,66264.4573,10.4318511,10.4662873
71,Asia_Pacific,APC,THA,Thailand,5,5.78,0.86,0.269512944,31411,0.454427,0,227528,227528,5.35703485,0,13,444687,5.64805541,3,5669090,14050000,7.29488689,2.478,18310000,0.274,0.223,147,102,128,314,220,49,6,15,2,77.65,,1.58388825,7.34392246,9.2159269,22.6776129,-0.18,0.45,-2.47,-0.68,0.65,-0.96,0.26,0.1,0.39,0.06,0.24,4.08,-0.26,0.12,-0.47,7672.38,69122234,516845.151,11.2729888,11.2733235
72,Asia_Pacific,APC,TON,Tonga,0,0,0,0,31,0.297911,0,23106,23106,4.36372477,0,0,0,0,1,318000,40000,5.55388424,0.126,12487,0.118,,0,4,18,2,1,3,,1,1,91.94,,,1.77487442,4.84866335,0.538743722,-0.05,0.14,-2.98,,,,-0.54,0.15,-0.27,0.2,0.23,1.14,-0.76,0.34,-0.44,4141.63,104058,705.102686,8.33308344,8.35403989
73,Asia_Pacific,APC,TUV,Tuvalu,,,,0,3,0.305281,0,2461,2461,3.39111161,0,0,0,0,1,232000,10000,5.38381716,0.043,4300,0.408,,0,4,13,1,0,4,,1,1,0.35,,,1.91312993,6.21767224,0.478282483,0.87,0.25,0.29,,,,-0.41,0.43,-1.05,1.2,0.3,0.25,-0.12,0.32,-2.65,1194.38,9827,39.9555982,7.18554102,7.19091853
74,Asia_Pacific,APC,VUT,Vanuatu,0,0.12,0,0,98,0.408928,0,13548,13548,4.13187519,0,1,6000,3.77822363,4,1098107,782464,6.27428997,0.713,19172,0.085,,0,11,18,14,14,12,,1,1,24.59,0,,1.67499193,2.73354413,2.12689882,0.58,0.18,0.32,1.2,0.22,0.18,-0.51,0.21,-0.42,0.21,0.31,1.44,-0.09,0.51,-5.97,4133.64,239651,12380.3259,8.56210347,8.57282733
75,Asia_Pacific,APC,VNM,Viet_nam,1,3.67,0.27,0.103803721,6901,7.94E-02,0,581378,581378,5.76445859,0,7,964100,5.98412253,15,30914626,116722474,8.16919551,3.776,30858742,0.341,0.193,170,90,64,286,207,41,6,14,2,36.65,44.71,13.3989655,7.93569732,5.44316253,22.5417883,-1.46,0.1,-0.07,0.22,0.11,0.49,-0.31,0.13,-0.41,-0.41,0.08,-0.19,-0.63,0.09,-0.15,2874.78,86936464.4,328767.089,10.7981824,10.8230182
1,Caribe,CAR,ATG,Antigua_and_Barbuda,0,0,0,0,,0,0,9192,9192,3.96341002,0,0,0,0,3,365180,50000,5.61823747,0.137,70968,0.808,,3,3,8,9,,,,3,1,38,,0.888783438,0.888783438,2.37881168,2.66634913,0.43,0.19,0.46,0.84,0.14,0.16,0.5,0.05,0.11,0.94,0.1,0.11,1.08,0.26,0.24,14850.85,88710,438.154696,8.97388416,8.9514078
3,Caribe,CAR,BHS,Bahamas,2,0.08,25.6,1.424881637,101,0.294566,0,177306,177306,5.24872343,0,1,7215,3.85829653,4,2558000,6880000,6.97488002,2.69,158700,0.507,,7,6,15,10,20,12,,2,1,79.59,,1.45619296,0.896245117,2.24612775,1.49374185,1.07,0.07,0.06,0.9,0.13,0.14,1.14,0.09,0.08,1.16,0.24,0.2,1.38,0.03,0.02,22769.92,342877,13446.9025,9.82283155,9.82984851
4,Caribe,CAR,BRB,Barbados,0,0,0,0,464,1.697575,0,16153,16153,4.20825319,0,1,5000,3.69905686,2,430440,57700,5.68854529,0.134,191878,0.669,,2,1,6,9,1,1,,1,1,0.53,,0.59275619,0.296378948,1.77826857,2.66742853,1.2,0.12,0.1,1.05,0.06,0.06,1.36,0.13,0.1,1.25,0.15,0.12,1.32,0.05,0.04,17564.37,273331,437.289944,,
6,Caribe,CAR,BMU,Bermuda,,,,0,249,3.854489,0,71408,71408,4.85374687,0,0,0,0,0,0,0,0,0,54687,0.796,0.059,0,,2,1,,,,1,,100,75.1,,,0.874821345,0.437416724,1.03,0.07,0.07,0.8,0.09,0.11,1.03,0.05,0.05,1.03,0.16,0.16,1.31,0.03,0.03,70773.75,64600,62.453406,9.60737638,
10,Caribe,CAR,CYM,Cayman_Islands,,,,0,,0,0,24420,24420,4.38774566,0,1,1369,3.13672057,,,,,,37112,0.722,,3,2,9,5,,,,2,1,47.47,,0.976468318,0.647978688,2.91194496,1.61774467,0.9,0.34,0.37,1.05,0.24,0.23,1.38,0.29,0.21,1.15,0.22,0.19,1.22,0.15,0.13,44347.5,56230,282.033132,,
14,Caribe,CAR,CUB,Cuba,0,1.19,0,0,7340,0.651982,0,200444,200444,5.30199306,0,21,847527,5.92815406,11,26046457,81800383,8.03280743,3.141,1702206,0.154,0.493,62,14,29,39,42,27,1,6,1,37.18,29.32,6.68989273,1.37416933,2.83872789,3.81759264,-1.78,0.11,-0.06,0.29,0.11,0.37,-0.33,0.13,-0.4,-0.8,0.22,-0.27,0.36,0.12,0.34,9039.43,11257979,111269.618,10.7041954,
15,Caribe,CAR,DMA,Dominica,0,0.01,0,0,39,0.575586,0,24875,24875,4.39576309,0,0,0,0,3,302220,0,5.48032464,0,32151,0.441,,4,4,8,13,1,1,,2,1,80.06,,1.61843698,1.61843698,2.1236874,3.45992197,1.02,0.04,0.04,0.78,0.22,0.28,0.45,0.15,0.32,0.64,0.06,0.1,0.61,0.15,0.25,8897.93,67757,758.572311,8.64583607,8.64458659
16,Caribe,CAR,DOM,Dominican_Republic,0,0.53,0,0,,0,0,168250,168250,5.22595507,0,3,135045,5.13048173,3,6430000,8128000,7.16310175,1.264,4643393,0.466,,36,15,24,20,,,,5,1,0,0,4.16242884,1.73434535,2.77495256,2.31246468,0.11,0.09,0.83,-0.1,0.17,-1.64,-0.53,0.1,-0.19,-0.67,0.08,-0.12,-0.62,0.14,-0.22,8386.92,9927320,48392.5372,10.604184,10.6232294
20,Caribe,CAR,GRD,Grenada,0,0,0,0,168,1.607856,0,21030,21030,4.32283927,0,0,0,0,3,1062520,444580,6.17814236,0.418,34961,0.322,,4,1,5,18,1,1,,4,1,11.18,,1.25797488,0.314493719,1.5724686,5.66886949,0.76,0.11,0.15,0.65,0.22,0.35,0.23,0.08,0.34,0.21,0.07,0.32,0.52,0.13,0.25,7345.22,104487,325.042475,8.79807008,8.80228848
23,Caribe,CAR,HTI,Haiti,0,0.31,0,0,166,1.66E-02,0,98676,98676,4.99421154,0,1,7216,3.85835671,2,2889273,6450000,6.97031312,2.232,836435,0.086,,51,17,22,20,20,5,,5,1,1.71,1.42,6.61724354,2.25747685,2.85449735,2.59499728,-0.93,0.3,-0.33,-1.33,0.38,-0.29,-1.46,0.12,-0.08,-1.56,0.22,-0.14,-1.4,0.22,-0.16,996.32,9993247,27193.5212,9.5678326,9.5914568
25,Caribe,CAR,JAM,Jamaica,3,0.12,24.42,1.405175546,1541,0.570255,0,130382,130382,5.11521764,0,2,159790,5.20355232,3,3182037,7789670,7.04027424,2.448,1581100,0.551,0.055,25,5,21,23,22,5,2,3,1,100,66.87,3.88322689,0.776645378,3.26191584,3.57256873,0.55,0.09,0.16,-0.3,0.12,-0.4,0.15,0.13,0.86,-0.48,0.05,-0.1,-0.45,0.15,-0.33,7084.34,2702300,11059.5184,,
32,Caribe,CAR,PRI,Puerto_Rico,12,0.1,125.72,2.102845164,,0,0,223075,223075,5.3484509,0,7,156430,5.19432282,,,,,,1698301,0.426,0.49,,,,,,,,,,48,35.06,,,,,1.08,0.16,0.15,0.36,0.14,0.4,0.77,0.3,0.39,0.74,0.14,0.19,0.85,0.39,0.45,15935.49,3978702,9019.05244,10.7989292,
33,Caribe,CAR,KNA,Saint_Kitts_and_Nevis,0,0,0,0,,0,0,4754,4754,3.67705918,0,0,0,0,2,279000,0,5.44560576,0,22340,0.444,,2,1,4,8,,,,3,1,6.06,,0.653434885,0.326717443,1.36869773,2.61373955,0.97,0.2,0.21,,,,0.38,0.49,1.31,0.67,0.18,0.27,0.69,0.42,0.61,11770.53,52402,268.620031,8.71305794,8.72226223
34,Caribe,CAR,LCA,Saint_Lucia,,,,0,,0,0,8688,8688,3.93891981,0,0,0,0,2,450000,110000,5.7481888,0.244,142900,0.885,0.565,4,3,10,9,,,,3,1,61.76,99.86,1.16259433,0.829687577,2.76562524,2.48962712,1.14,0.17,0.15,0.88,0.3,0.34,0.47,0.42,0.9,0.7,0.2,0.29,0.83,0.45,0.55,8363.74,174000,618.063864,8.97798711,8.98349772
35,Caribe,CAR,VCT,Saint_Vincent_and_the_Grenadines,,,,0,,0,0,9981,9981,3.99917406,0,0,0,0,2,323000,180000,5.70156885,0.557,76000,0.732,0.102,4,2,6,14,,,,4,1,41.71,28.59,1.18595627,0.592952814,1.77885844,4.15669696,1.04,0.12,0.12,0.93,0.27,0.29,0.42,0.43,1,0.73,0.15,0.2,0.69,0.42,0.6,7773.82,109333,436.56544,8.72352684,8.72415124
37,Caribe,CAR,TTO,Trinidad_and_Tobago,0,0.05,0,0,,0,0,79792,79792,4.90195935,0,1,70000,4.84510424,1,127000,0,5.10380714,0,650611,0.532,0.105,36,5,4,88,,,,3,,98.71,54.14,6.55782116,0.935858335,0.722864467,15.9318267,0.56,0.04,0.07,-0.13,0.09,-0.74,0.3,0.12,0.39,-0.05,0.26,-4.99,-0.17,0.13,-0.74,23080,1341465,5188.18641,10.1494148,10.1312334
76,EasternEurope_CentralAsia,EECA,ALB,Albania,0,0.32,0,0,455,0.141997,0,7626,7626,3.8822968,0,0,0,0,6,2892000,3512260,6.80646902,1.214,1441928,0.481,0.12,17,23,13,82,67,3,,5,1,59.06,,2.17755377,2.94612155,1.66518818,1.53494639,0.01,0.12,8.44,-0.32,0.2,-0.62,-0.48,0.18,-0.38,-0.79,0.23,-0.3,-0.67,0.16,-0.24,7667.37,3204284,29000.1451,9.78799603,9.80083325
77,EasternEurope_CentralAsia,EECA,ARM,Armenia,0,0.32,0,0,4557,1.473769,0,21685,21685,4.33615943,0,10,576666,5.7609251,5,7257930,17535000,7.39432787,2.416,1396550,0.471,0.223,8,34,19,97,79,3,4,3,2,47.12,3.38,1.22962617,4.33625911,2.42323622,12.3719217,-0.68,0.16,-0.24,-0.11,0.28,-2.61,-0.21,0.16,-0.8,-0.41,0.07,-0.17,-0.63,0.05,-0.08,4838.93,3092072,29635.923,9.61302588,9.63255757
78,EasternEurope_CentralAsia,EECA,AZE,Azerbaijan,0,0.98,0,0,2721,0.300732,0,15606,15606,4.1932916,0,1,400000,5.60206108,3,5561216,12156000,7.2483955,2.186,3689000,0.441,0.287,10,41,19,112,93,12,11,5,2,40.18,,1.3131442,4.22838912,1.9594974,11.557215,-1.11,0.14,-0.13,-0.8,0.36,-0.45,-0.78,0.12,-0.15,-0.85,0.1,-0.11,-1.05,0.07,-0.06,8918.71,9047932,85712.5765,10.3269642,10.3312856
79,EasternEurope_CentralAsia,EECA,BLR,Belarus,0,2.3,0,0,,0,0,3650,3650,3.56229286,0,5,332500,5.52179296,5,4427500,12253000,7.22220909,2.767,4436800,0.463,0.733,13,3,10,80,,,,2,,42.47,,1.12325872,0.25921355,0.864451657,6.91236133,-1.54,0.16,-0.11,0.24,0.23,0.97,-1.05,0.16,-0.15,-1.12,0.11,-0.1,-0.75,0.12,-0.16,12813.55,9490500,207643.23,10.415009,10.4374373
80,EasternEurope_CentralAsia,EECA,BIH,Bosnia_and_Herzegovina,0,0.57,0,0,,0,0,6973,6973,3.84341967,0,1,110000,5.04139663,4,4857904,5297247,7.00668643,1.09,1955277,0.423,0.021,19,22,12,90,,,,4,1,2.88,,2.21529288,2.56574948,1.39913179,1.49348843,-0.01,0.11,-12.42,-0.44,0.19,-0.44,-0.71,0.15,-0.21,-0.52,0.12,-0.24,-0.34,0.08,-0.24,7330.63,3760149,46410.1645,9.91431018,9.92167587
81,EasternEurope_CentralAsia,EECA,HRV,Croatia,0,0.62,0,0,19218,4.343874,0,32441,32441,4.51109423,0,8,347970,5.54154305,4,12910000,28764000,7.6198652,2.228,2656089,0.592,0.904,21,26,15,97,79,12,,4,1,70.76,,2.3129973,2.86371831,1.65214864,1.68384426,0.53,0.1,0.19,0.51,0.12,0.23,0.5,0.1,0.21,0.05,0.1,2.05,0.07,0.13,1.75,16121.26,4424161.46,61690.8749,10.4414697,10.4414131
82,EasternEurope_CentralAsia,EECA,GEO,Georgia,0,0.78,0,0,3270,0.734369,0,25187,25187,4.40117644,0,7,1363000,6.13449617,8,13764594,43279367,7.75620968,3.144,1300000,0.283,0.259,13,36,21,104,93,10,3,4,2,21.35,,1.39656319,3.86745753,2.25598669,11.1725559,-0.25,0.12,-0.47,-0.93,0.25,-0.27,-0.23,0.44,-1.94,-0.63,0.39,-0.62,-0.47,0.35,-0.73,4550.19,4452800,69889.8018,9.74803061,9.77722561
83,EasternEurope_CentralAsia,EECA,KAZ,Kazakhstan,4,29.72,0.13,0.053078443,,0,0,58874,58874,4.76992354,0,3,651338,5.81380708,7,16618364,56840302,7.86604304,3.42,5448965,0.351,0.234,13,9,24,176,140,336,6,20,1,14.18,,0.673763132,0.46641263,1.24376551,9.12947947,-1.09,0.09,-0.08,0.33,0.25,0.78,-0.54,0.21,-0.38,-0.9,0.17,-0.19,-0.99,0.07,-0.07,10889.97,16316050,2675245.71,10.6075526,10.638961
84,EasternEurope_CentralAsia,EECA,KGZ,Kyrgyzstan,0,2.18,0,0,473,8.82E-02,0,33620,33620,4.52659771,0,1,400000,5.60206108,2,1058000,3120000,6.62096854,2.949,2194400,0.393,0.195,2,8,17,92,74,23,8,9,1,23.29,,0.175253575,0.711431654,1.48965539,8.61664469,-0.96,0.14,-0.15,-0.91,0.31,-0.34,-0.73,0.11,-0.16,-1.08,0.28,-0.26,-1.05,0.17,-0.16,2039.31,5365167.5,193559.969,9.31151401,9.33551917
85,EasternEurope_CentralAsia,EECA,MKD,Macedonia,0,0.28,0,0,1586,0.769693,0,6778,6778,3.83110157,0,4,223430,5.34914343,4,1963500,4644401,6.82006359,2.365,1069432,0.515,0.291,14,18,14,83,,,,,,28.18,,1.84363487,2.3738769,1.84363487,1.93121149,-0.01,0.2,-15.39,-0.7,0.32,-0.46,-0.25,0.24,-0.96,-0.45,0.16,-0.36,-0.42,0.26,-0.62,8733.75,2060563,25250.2458,9.66034746,9.67334487
86,EasternEurope_CentralAsia,EECA,MDA,Moldova,0,0.38,0,0,2146,0.60246,0,6222,6222,3.79393001,0,2,221200,5.34478709,6,3112350,2464770,6.74641007,0.792,1429154,0.331,0.529,14,6,13,74,63,4,,3,,8.18,,1.73621452,0.744919366,1.6121992,9.17713389,-0.36,0.18,-0.49,-0.35,0.16,-0.45,-0.7,0.1,-0.15,-0.49,0.08,-0.17,-0.72,0.16,-0.22,2789.44,3562062,34089.7064,9.32744777,9.35444797
87,EasternEurope_CentralAsia,EECA,RUS,Russia,15,181.67,0.08,0.033423755,276231,1.94872,0,656531,656531,5.81725524,0,98,15903048,7.2014804,15,64595655,127462926,8.28343372,1.973,61472011,0.443,1.102,34,33,64,277,,,15,53,1,53.35,,1.21977967,1.1839326,2.29654725,9.93761176,-0.74,0.23,-0.31,-1.01,0.22,-0.22,-0.43,0.1,-0.24,-0.92,0.09,-0.1,-0.91,0.14,-0.15,14182.56,141750000,16826303.4,11.6186154,11.6370467
88,EasternEurope_CentralAsia,EECA,TJK,Tajikistan,0,1.52,0,0,363,5.28E-02,0,13607,13607,4.13376239,0,2,230000,5.36172972,6,3200000,1757250,6.69524091,0.549,794483,0.104,0.08,1,10,17,93,77,18,85,8,1,24.35,,0.932988477,0.932988477,1.58456674,8.66851218,-1.29,0.08,-0.06,-1.11,0.26,-0.24,-1.08,0.11,-0.1,-1.18,0.11,-0.09,-1.06,0.1,-0.09,1940.14,6878637,142132.019,9.2830137,9.31401798
89,EasternEurope_CentralAsia,EECA,TUR,Turkey,0,8.68,0,0,147452,2.026767,0,163375,163375,5.2131856,0,39,812544,5.90984742,6,17479950,8877000,7.42089517,0.508,36455000,0.463,0.557,34,94,26,145,109,96,7,14,3,11.12,11.19,2.25342697,6.23627975,1.72328857,9.61232499,-0.16,0.09,-0.58,-0.85,0.14,-0.17,0.16,0.14,0.87,0.06,0.09,1.57,-0.14,0.26,-1.9,12539.66,72752325,781946.697,11.5906875,11.62613
90,EasternEurope_CentralAsia,EECA,TKM,Turkmenistan,0,5.25,0,0,78,1.55E-02,0,10941,10941,4.03905702,0,3,135684,5.13253184,5,3098760,3904625,6.84530806,1.26,110924,0.022,,4,20,17,100,87,54,5,9,2,17.88,,0.292383583,1.46154179,1.24239152,7.37789584,-1.98,0.13,-0.07,0.08,0.24,3.02,-1.51,0.09,-0.06,-1.43,0.15,-0.1,-1.32,0.18,-0.14,7077.83,5041995,479839.972,9.78531408,9.8448775
91,EasternEurope_CentralAsia,EECA,UKR,Ukraine,1,6.56,0.15,0.06069784,45399,0.989717,0,55193,55193,4.741884,0,27,3703112,6.56856697,5,4232000,4876000,6.95942307,1.152,15300000,0.339,1.006,20,11,19,111,96,81,1,6,,20.35,99.96,1.39891894,0.769396414,1.3289568,7.76395588,-0.27,0.3,-1.1,-0.24,0.24,-0.99,-0.68,0.1,-0.15,-0.85,0.11,-0.13,-0.87,0.15,-0.17,6017.08,45870700,597329.121,10.6772461,10.6992618
92,EasternEurope_CentralAsia,EECA,UZB,Uzbekistan,4,4.7,0.85,0.267171728,3380,0.120027,0,48152,48152,4.68261433,0,4,1040000,6.01703376,6,4015400,5050380,6.95740522,1.258,7550000,0.268,,1,9,17,104,86,50,10,9,1,12.88,,0.74965335,0.674688147,1.27441694,7.79639484,-1.88,0.17,-0.09,-1.31,0.33,-0.25,-0.96,0.18,-0.19,-1.3,0.15,-0.12,-1.05,0.16,-0.16,2792.87,28160361.4,422374.383,10.4296943,10.4643227
94,Europe,WEU,AUT,Austria,0,0.92,0,0,92001,10.972427,2380703,147296,2527999,6.4027769,0.9417,21,9495710,6.97752749,,,,,,6143600,0.748,2.179,20,9,10,92,79,12,6,4,,87,0,2.71565816,0.93224617,1.35782977,9.52922751,1.38,0.05,0.04,1.12,0.13,0.12,1.86,0.11,0.06,1.87,0.06,0.03,1.97,0.16,0.08,35266.12,8384745,83879.5901,11.3493331,11.3608884
95,Europe,WEU,BEL,Belgium,3,0.34,8.76,0.989449818,129531,11.906343,4252059,98210,4350269,6.63851611,0.9774,13,4700518,6.67214581,,,,,,8489901,0.814,1.902,19,3,6,63,46,4,,2,,81.12,,2.48932276,0.382252465,0.764549294,7.98473176,1.41,0.04,0.03,0.85,0.16,0.19,1.73,0.18,0.11,1.31,0.06,0.04,1.38,0.09,0.06,32824.83,10879159,30577.4682,11.427317,11.4349962
96,Europe,WEU,BGR,Bulgaria,0,1.24,0,0,19633,2.602698,0,58025,58025,4.76361515,0,4,393700,5.59516652,6,6171145,17305717,7.37064007,2.804,3646287,0.488,0.499,18,19,17,90,94,14,3,6,1,53.24,,1.76134816,1.8592826,1.66349548,8.86747546,0.55,0.06,0.1,0.29,0.14,0.47,0.06,0.09,1.54,-0.15,0.06,-0.42,-0.14,0.13,-0.98,11486.36,7543325,111464.478,10.2844633,10.2917842
97,Europe,WEU,CYP,Cyprus,0,0.11,0,0,3234,2.930285,0,21064,21064,4.32354085,0,2,10200,4.00864275,,,,,,584863,0.522,0.344,3,12,12,29,51,6,1,1,1,100,,0.482532424,1.93129692,1.93129692,4.66448896,1.06,0.07,0.06,0.42,0.14,0.34,1.31,0.15,0.12,1.03,0.13,0.12,1.1,0.14,0.13,25803.9,1103647,9289.10285,10.0906381,10.0927005
98,Europe,WEU,CZE,Czech_Republic,3,0.88,3.41,0.644438589,65720,6.244127,0,90210,90210,4.95525468,0,50,8013801,6.90383861,5,3727700,11599255,7.18545591,3.112,7220732,0.709,1.28,21,6,9,78,,,,4,,84.12,,2.22686173,0.629316748,0.943975122,8.18111772,0.98,0.1,0.1,0.87,0.19,0.22,0.94,0.11,0.12,0.83,0.1,0.12,0.32,0.11,0.33,22557.46,10525090,78778.8803,10.9140744,10.9221932
99,Europe,WEU,DNK,Denmark,5,0.47,10.74,1.069668097,93347,16.83706,7145818,202662,7348480,6.86619752,0.9724,3,3300000,6.51851407,,,,,,4923824,0.89,2.411,14,2,6,47,42,13,,2,,30.06,,1.6573486,0.236764729,0.712922186,5.56395571,1.62,0.1,0.06,1.13,0.17,0.15,2.2,0.12,0.05,1.92,0.06,0.03,2.46,0.08,0.03,32608.2,5544139,43010.151,11.2307946,11.2355647
100,Europe,WEU,EST,Estonia,5,0.48,10.44,1.058426024,8346,6.230004,143082,98939,242021,5.38385305,0.5912,7,946206,5.97598616,3,1119000,309200,6.15478933,0.276,993785,0.775,0.901,11,2,6,58,52,10,,1,2,100,,1.28955812,0.234364652,0.739395329,6.79657488,1.06,0.05,0.05,0.69,0.12,0.17,1.02,0.17,0.17,0.95,0.21,0.22,0.86,0.12,0.14,16353.21,1339646,45257.383,9.90716545,9.94172134
101,Europe,WEU,FIN,Finland,29,3.37,8.6,0.982271233,86379,16.104596,10269052,90266,10359318,7.01533117,0.9913,20,5318200,6.72576475,,,,,,4661265,0.886,3.309,5,1,6,55,51,72,,3,,49.29,,0.392679882,0.784135976,0.474815858,4.31274787,1.59,0.1,0.06,1.53,0.1,0.07,2.17,0.09,0.04,1.95,0.03,0.01,2.43,0.14,0.06,31532.55,5363624,337320.784,11.160047,11.1717914
102,Europe,WEU,FRA,France,39,6.13,6.36,0.866877814,559050,8.617126,11687988,656744,12344732,7.09148167,0.9468,73,26188381,7.41810867,,,,,,50290226,0.772,2.167,153,97,93,324,83,80,10,25,6,76.88,,1.88332892,6.89988827,6.6153568,23.4749484,1.25,0.13,0.1,0.54,0.19,0.35,1.61,0.13,0.08,1.41,0.09,0.06,1.38,0.07,0.05,29647.91,64876618.4,549096.126,12.170555,12.1778663
103,Europe,WEU,DEU,Germany,41,3.97,10.32,1.053846427,764395,9.355853,5138618,522590,5661208,6.75290911,0.9077,75,19897900,7.29880727,,,,,,67364898,0.827,2.468,24,8,9,82,71,47,5,5,,100,,1.86649343,0.622164476,0.697743536,6.35721859,1.41,0.06,0.04,0.91,0.24,0.26,1.63,0.15,0.09,1.64,0.05,0.03,1.84,0.13,0.07,33498.88,81702329,357053.701,12.3178111,12.3307701
104,Europe,WEU,GRC,Greece,3,1.43,2.1,0.491361694,79988,7.066672,0,314096,314096,5.49706241,0,8,518050,5.71437252,,,,,,5043550,0.469,0.563,24,38,21,102,76,26,5,6,1,95.76,,2.26813888,3.59115882,1.98458777,9.63942631,0.98,0.08,0.08,0.41,0.33,0.8,0.69,0.09,0.14,0.77,0.1,0.12,0.32,0.27,0.83,24990.04,11319048,132661.505,11.1824617,11.1504552
105,Europe,WEU,HUN,Hungary,0,1.03,0,0,50308,5.026426,0,78870,78870,4.89691184,0,9,2206675,6.34373857,3,1117320,1749300,6.45737028,1.566,6516627,0.653,0.879,17,11,11,83,72,10,,1,,30.12,,1.72497525,1.11616312,1.11616312,8.42193689,1.08,0.1,0.09,0.84,0.19,0.22,0.86,0.13,0.15,0.86,0.05,0.06,0.53,0.11,0.2,16514.33,10008703,92967.371,10.7508171,10.7581029
106,Europe,WEU,ISL,Iceland,1,1.01,0.99,0.298853076,4882,15.381319,453164,191850,645014,5.80956914,0.7026,2,164000,5.2148465,,,,,,304129,0.978,2.601,0,,3,4,25,37,,2,,85.12,,,,0.298639895,0.398186526,1.51,0.07,0.05,1.37,0.18,0.13,1.89,0.21,0.11,1.85,0.1,0.06,2.24,0.14,0.06,32961.94,317398,102298.003,10.0332349,10.0441976
107,Europe,WEU,IRL,Ireland,1,0.79,1.27,0.356025857,56647,12.640385,1665514,1937858,3603372,6.5567091,0.4622,18,850517,5.92968351,,,,,,3122358,0.668,1.265,3,1,5,27,36,15,,2,,10.35,,0.322921477,0.173634492,0.536817246,2.89881193,1.39,0.11,0.08,1.23,0.16,0.13,1.58,0.15,0.1,1.64,0.13,0.08,1.58,0.18,0.11,35183.75,4481430,70100.097,11.0916285,11.0946792
108,Europe,WEU,ITA,Italy,18,3.32,5.42,0.807535028,422751,6.989524,0,410918,410918,5.61375517,0,72,11950420,7.07738321,,,,,,35800000,0.587,1.104,45,38,17,108,86,60,5,9,1,88.76,99.63,3.61158639,3.48578465,1.36383778,8.66438734,1.01,0.07,0.07,0.53,0.16,0.3,0.6,0.19,0.32,0.49,0.17,0.35,0.31,0.25,0.82,26753.31,60483521,300906.201,12.0591173,12.0610061
109,Europe,WEU,LVA,Latvia,0,0.71,0,0,3773,1.682185,0,9871,9871,3.99436115,0,8,546000,5.73719344,3,3032415,10779500,7.14025393,3.555,1540859,0.699,0.47,14,2,8,62,56,15,,1,,100,,1.52887247,0.218413535,0.873641414,6.77711956,0.81,0.06,0.08,0.62,0.26,0.42,0.57,0.14,0.24,0.59,0.21,0.36,0.14,0.2,1.43,12938.02,2242916,64385.3458,10.0499975,10.0731265
110,Europe,WEU,LIE,Liechtenstein,0,0,0,0,329,9.130773,0,4655,4655,3.66791969,0,0,0,0,,,,,,28826,0.818,,9,3,6,68,,,3,2,,77.71,,3.25984372,1.86614573,2.17322915,24.6299332,1.41,0.12,0.08,1.4,0.15,0.11,1.69,0.1,0.06,1.36,0.22,0.16,1.37,0.22,0.16,134171.99,36032,160.408969,,
111,Europe,WEU,LTU,Lithuania,0,0.72,0,0,11579,3.486962,0,8155,8155,3.91142397,0,5,467100,5.6694108,3,4018400,10828400,7.17163289,2.695,2103471,0.595,0.672,13,2,8,61,52,9,,2,,85.76,,1.41873225,0.218165112,0.872664461,6.65435919,0.9,0.02,0.03,0.75,0.18,0.24,0.63,0.21,0.33,0.56,0.15,0.26,0.17,0.11,0.68,15390.82,3320656,64747.5704,10.2437093,10.2684822
112,Europe,WEU,LUX,Luxembourg,0,0.03,0,0,2260,4.467895,590092,8070,598162,5.77681882,0.9865,1,50000,4.69897869,,,,,,459833,0.914,1.621,15,3,4,60,,,,1,,100,,3.11492222,0.622818444,0.834245925,12.4563689,1.51,0.08,0.05,1.45,0.09,0.06,1.8,0.17,0.1,1.82,0.05,0.03,1.94,0.15,0.08,71161.79,505831,2592.97868,10.422826,10.4299615
113,Europe,WEU,MLT,Malta,0,0,0,0,694,1.680546,0,5168,5168,3.71332251,0,1,10000,4.00004343,,,,,,262404,0.643,0.493,2,6,7,12,1,1,,1,1,99.18,,0.628555194,1.88566558,2.19994318,3.77133116,1.23,0.07,0.06,1.32,0.16,0.12,1.06,0.15,0.14,1.47,0.1,0.07,0.96,0.09,0.09,22102.13,412961,326.161639,9.6629309,9.67195664
114,Europe,WEU,NLD,Netherlands,10,0.4,25.3,1.419955748,227961,13.722494,10210644,268792,10479436,7.02033791,0.9744,18,5933969,6.77334535,,,,,,15071191,0.895,1.873,19,5,11,68,47,8,,5,1,71.88,,2.34541776,0.617213362,1.3578694,8.39411724,1.56,0.08,0.05,1.04,0.24,0.23,1.89,0.15,0.08,1.76,0.04,0.02,2.13,0.11,0.05,36915.25,16612213,34887.7872,11.6437737,11.6480629
115,Europe,WEU,NOR,Norway,25,3.4,7.35,0.921686475,65867,13.482859,8097852,776566,8874418,6.94813988,0.9125,7,3333000,6.52283544,,,,,,4560572,0.972,1.631,6,1,8,55,47,82,,7,,74.47,,0.473824214,0.789772338,0.631765618,4.34335386,1.58,0.07,0.04,1.28,0.11,0.09,1.9,0.11,0.06,1.92,0.06,0.03,2.06,0.13,0.06,46926.2,4885240,325602.236,11.2909797,11.2972188
116,Europe,WEU,POL,Poland,0,3.48,0,0,154363,4.04224,1492194,87203,1579397,6.19849131,0.9448,30,4590033,6.6618159,5,5410000,3918150,6.96979557,0.724,23852486,0.62,0.611,18,5,9,86,70,44,,4,,100,,1.43422422,0.398395618,0.717112112,6.85244628,0.96,0.1,0.1,0.58,0.3,0.52,0.53,0.08,0.16,0.52,0.12,0.23,0.31,0.12,0.38,17336.67,38187488,311370.352,11.3997271,11.4182186
117,Europe,WEU,PRT,Portugal,7,1,7.02,0.904174368,60378,5.673109,28306,356312,384618,5.58502961,0.0736,24,1830324,6.26252821,,,,,,5455217,0.507,0.874,20,26,17,70,59,19,1,6,1,49,94.37,2.33572363,2.64364472,1.72853659,7.11753272,1.29,0.11,0.08,0.98,0.22,0.23,1.03,0.13,0.12,1.12,0.11,0.1,1.07,0.1,0.09,21658.22,10642841,92013.5577,11.0967819,11.0894732
119,Europe,WEU,SRB,Serbia,0,1,0,0,14948,2.049756,0,6177,6177,3.7907776,0,3,720000,5.8573331,3,5742370,35302801,7.61326208,6.148,4107000,0.562,0.635,22,17,12,95,84,12,2,5,1,35,,2.23392838,1.72621739,1.2185639,9.64658918,0,0.37,-144.36,-0.68,0.37,-0.54,-0.32,0.25,-0.79,-0.72,0.29,-0.4,-0.47,0.31,-0.66,10178.69,7292574,92633.3085,9.94005012,9.94865029
120,Europe,WEU,SVK,Slovakia,1,0.54,1.86,0.456366033,23360,4.299289,109123,28984,138107,5.14021569,0.7901,20,1066370,6.02790833,5,4548420,2823692,6.86759198,0.621,4337868,0.792,0.626,19,7,10,89,69,5,,2,,84.47,,2.19149312,0.873921987,1.15341743,1.26541598,0.92,0.06,0.06,0.83,0.21,0.25,0.8,0.14,0.18,0.45,0.12,0.27,0.27,0.16,0.61,19244.15,5433456,48985.4899,10.6605032,10.6748103
121,Europe,WEU,SVN,Slovenia,0,0.23,0,0,22717,11.066235,258458,11502,269960,5.43129942,0.9574,2,200000,5.30103217,1,89000,0,4.94939489,0,1420776,0.71,1.447,22,19,10,86,1,1,3,5,1,76.88,,3.27416871,2.6145873,1.37698577,11.8344478,1.07,0.04,0.04,1.03,0.13,0.13,1,0.12,0.12,0.96,0.08,0.08,0.89,0.11,0.13,24982.47,2052821,20265.2642,10.4163517,10.4155928
122,Europe,WEU,ESP,Spain,27,5.66,4.77,0.761175813,323043,7.010242,5229764,391496,5621260,6.74983367,0.9304,63,4743466,6.67609588,,,,,,30654678,0.656,1.042,40,71,24,113,73,84,7,11,1,50.41,100,2.89145717,5.13233648,1.73487432,8.16836653,1.18,0.08,0.07,0.09,0.33,3.83,1.31,0.43,0.33,1.18,0.1,0.08,1.19,0.15,0.13,26934.43,46081574,506659.44,11.8514785,11.8532895
123,Europe,WEU,SWE,Sweden,55,4.62,11.9,1.11058971,172287,18.369215,35063783,220408,35284191,7.54758016,0.9938,15,12403000,7.09352678,,,,,,8441718,0.929,3.651,13,2,6,62,60,89,,5,,46.24,,0.965293534,0.148566975,0.445529246,4.63776224,1.57,0.08,0.05,1.26,0.11,0.09,1.99,0.08,0.04,1.88,0.06,0.03,2.24,0.1,0.05,33686.25,9379116,443016.373,11.485749,11.5022997
124,Europe,WEU,CHE,Switzerland,21,0.45,47.13,1.682415862,173610,22.185893,1170558,114508,1285066,6.10892543,0.9109,18,12173500,7.0854155,,,,,,6430363,0.842,2.77,19,11,6,89,64,6,8,3,,98.06,,2.26789444,1.31299152,0.716177197,1.623295,1.55,0.09,0.06,1.26,0.11,0.09,2.01,0.1,0.05,1.85,0.06,0.03,2.11,0.07,0.03,37441.02,7825243,41271.8395,11.4826804,11.4909699
125,Europe,WEU,GBR,United_Kingdom,54,2.72,19.89,1.31993844,620307,9.969774,32149052,609319,32758371,7.5153223,0.9814,555,21003124,7.32228392,,,,,,52731209,0.841,1.778,14,2,7,50,,,,4,,100,,1.17445813,0.167265435,0.585222964,4.18163576,1.36,0.1,0.07,0.42,0.27,0.63,1.72,0.12,0.07,1.67,0.06,0.04,1.85,0.24,0.13,32187.05,62218761,244840.715,12.2449405,12.2482215
126,MiddleEast_NorthAfrica,MENA,DZA,Algeria,0,26.09,0,0,10042,0.283127,0,59167,59167,4.77207955,0,1,350000,5.54406929,6,13810120,6283100,7.30304956,0.455,4700000,0.136,0.204,10,47,23,94,72,219,,8,1,37.12,,0.533723685,2.55134132,1.22591665,5.12682635,-0.98,0.14,-0.14,-1.33,0.29,-0.22,-0.62,0.14,-0.23,-0.72,0.16,-0.23,-0.62,0.19,-0.31,7520.79,35468208,2324668.37,10.8985296,10.9092535
127,MiddleEast_NorthAfrica,MENA,BHR,Bahrain,0,0.01,0,0,979,0.775854,0,1227,1227,3.08884456,0,0,0,0,1,190000,240000,5.63346947,1.263,694009,0.571,,1,10,8,10,,,,1,,7.47,,0.272333989,2.72333989,2.17867199,2.72333989,-0.81,0.14,-0.18,-0.04,0.28,-7.63,0.48,0.1,0.22,0.64,0.16,0.25,0.38,0.17,0.45,23755.48,1261835,667.560708,10.15163,
128,MiddleEast_NorthAfrica,MENA,EGY,Egypt,0,11.2,0,0,36664,0.451966,0,122627,122627,5.0885861,0,10,679800,5.8323818,8,14061100,21287000,7.54836609,1.514,21691776,0.264,0.227,9,24,22,99,88,102,,11,1,34.71,,0.569295187,1.51812496,1.39161455,6.26224747,-1.08,0.13,-0.12,-0.63,0.24,-0.38,-0.39,0.11,-0.29,-0.04,0.1,-2.65,-0.53,0.13,-0.25,5676.14,81121077,987472.455,11.2048217,11.2125695
129,MiddleEast_NorthAfrica,MENA,IRN,Iran,0,18.19,0,0,73086,0.988001,0,109691,109691,5.040171,0,17,788540,5.89682428,7,10539000,23128000,7.52720443,2.195,36500000,0.469,0.65,22,111,28,174,129,167,9,19,2,40.29,,1.26536679,6.35754356,1.63746683,9.96587919,-1.34,0.21,-0.16,-1.04,0.29,-0.28,-0.54,0.06,-0.12,-0.71,0.18,-0.26,-0.51,0.21,-0.42,10462.27,73973630,1622438.3,,
130,MiddleEast_NorthAfrica,MENA,IRQ,Iraq,0,4.83,0,0,1418,4.43E-02,0,12609,12609,4.10068065,0,10,157200,5.1964553,1,368363,450000,5.91294652,1.222,1303760,0.043,,6,47,22,84,67,43,1,9,2,0.59,,0.446961428,3.51197856,1.63885857,6.25746,-1.44,0.35,-0.24,-2.44,0.47,-0.19,-1.58,0.26,-0.16,-1.71,0.2,-0.12,-1.44,0.13,-0.09,3194.95,32030823.3,435919.222,10.3726065,10.4136163
131,MiddleEast_NorthAfrica,MENA,ISR,Israel,13,0.3,42.86,1.642068627,104126,13.656585,416067,75578,491645,5.69165163,0.8463,7,761900,5.88189854,,,,,,5263146,0.704,4.081,9,31,19,97,74,3,1,6,1,70.71,,1.21319823,4.17876839,2.56118627,13.7551968,0.65,0.08,0.12,-1.44,0.16,-0.11,1.21,0.1,0.08,0.89,0.09,0.1,0.92,0.19,0.21,26020.64,7624600,22468.1319,11.2292764,11.2492507
132,MiddleEast_NorthAfrica,MENA,JOR,Jordan,0,0.98,0,0,7723,1.277162,0,15014,15014,4.17649641,0,1,5150,3.71189155,10,26020500,36484171,7.79591248,1.402,1987400,0.305,0.379,6,36,15,86,74,8,1,5,1,9.12,,0.612289113,3.67373468,1.53722783,8.77614396,-0.66,0.17,-0.26,-0.32,0.21,-0.65,0.13,0.09,0.69,0.37,0.11,0.29,0.22,0.17,0.79,5157.14,6047000,90359.447,10.1930557,10.2041353
133,MiddleEast_NorthAfrica,MENA,KWT,Kuwait,0,0.19,0,0,5898,2.155125,0,1929,1929,3.28533223,0,1,20000,4.30105171,,,,,,1100000,0.424,0.145,0,15,12,34,33,2,,2,,9.35,,,2.12727177,1.71817416,4.82181616,-0.45,0.09,-0.2,0.32,0.25,0.77,0.08,0.08,1.05,0.59,0.03,0.05,0.69,0.3,0.43,49541.51,2736732,17431.767,10.8011184,10.8353055
134,MiddleEast_NorthAfrica,MENA,LBN,Lebanon,0,0.12,0,0,4994,1.181286,0,11239,11239,4.05072767,0,1,68000,4.8325153,8,5395000,4084300,6.97677631,0.757,1367220,0.33,,8,34,16,71,51,2,1,2,1,2.76,,1.25698275,5.3421767,2.51396554,11.1557219,-0.42,0.14,-0.32,-1.24,0.64,-0.52,-0.34,0.13,-0.4,-0.46,0.22,-0.48,-0.68,0.21,-0.31,12604.97,4227597,10442.4726,10.455118,10.4679607
135,MiddleEast_NorthAfrica,MENA,LBY,Libyan_Arab_Jamahiriya,0,18.25,0,0,,0,0,13850,13850,4.14144977,0,2,50000,4.69897869,0,0,0,0,0,391880,0.059,,4,19,15,67,53,156,,7,1,0.65,,0.229973373,1.88189852,0.859925147,3.83726979,-1.84,0.1,-0.06,0.25,0.41,1.64,-1.08,0.12,-0.12,-0.84,0.1,-0.12,-0.95,0.16,-0.17,15361.16,6355112,1622790.07,,
136,MiddleEast_NorthAfrica,MENA,MAR,Morocco,0,4.52,0,0,11844,0.370688,0,155699,155699,5.19228582,0,4,201000,5.30319822,8,18581972,16341000,7.54311121,0.879,15656192,0.49,0.553,13,55,22,99,75,45,1,8,1,9.06,0,0.981985442,4.15419592,1.66167837,7.47755267,-0.7,0.13,-0.18,-0.44,0.14,-0.3,-0.14,0.08,-0.56,-0.09,0.15,-1.57,-0.24,0.12,-0.52,4218.97,31951412,406797.778,10.7774852,10.7968041
137,MiddleEast_NorthAfrica,MENA,OMN,Oman,0,3.49,0,0,3085,1.108741,0,55053,55053,4.74078099,0,1,13500,4.13036594,2,416000,75000,5.69108238,0.18,1741804,0.575,,3,19,13,51,94,37,1,6,1,62.18,,0.238577523,1.51999764,1.33835931,4.55817884,-0.91,0.18,-0.2,0.9,0.11,0.13,0.41,0.11,0.27,0.57,0.11,0.2,0.45,0.21,0.46,24226.47,2782435,314382.708,10.499246,10.5224984
138,MiddleEast_NorthAfrica,MENA,QAT,Qatar,0,0.12,0,0,1470,0.8358,0,655,655,2.8162413,0,0,0,0,,,,,,563800,0.665,,0,13,9,22,14,2,,2,,13.88,,,2.18314674,1.39159593,3.41678948,-0.71,0.22,-0.31,1.02,0.13,0.12,0.53,0.28,0.53,0.69,0.16,0.23,0.93,0.39,0.42,73196.38,1758793,11314.7977,10.755175,10.8299915
139,MiddleEast_NorthAfrica,MENA,SAU,Saudi_Arabia,0,21.61,0,0,18525,0.67491,0,57183,57183,4.75726694,0,5,111500,5.04727876,0,0,0,0,0,13000000,0.497,0.056,8,26,23,72,,,1,6,2,100,,0.441176448,1.43382346,1.26838229,3.97588289,-1.6,0.15,-0.09,-0.34,0.25,-0.73,-0.22,0.13,-0.59,0.13,0.07,0.52,-0.13,0.19,-1.49,20374.33,27448086,1960597.02,11.4162073,11.4446746
140,MiddleEast_NorthAfrica,MENA,SDN,Sudan,0,28.03,0,0,1445,3.32E-02,0,43852,43852,4.64198941,0,4,40500,4.60746575,5,5020000,5510000,7.02242841,1.098,4200000,0.093,0.393,23,9,29,182,236,213,1,11,2,28.88,,1.27196652,0.472381298,1.52211752,9.55259958,-1.66,0.07,-0.04,-2.24,0.33,-0.15,-1.24,0.1,-0.08,-1.4,0.12,-0.08,-1.23,0.2,-0.16,2023.45,43551941,2510435.52,10.3792573,10.3992651
141,MiddleEast_NorthAfrica,MENA,SYR,Syria,0,2.12,0,0,1804,8.82E-02,0,33369,33369,4.52334319,0,0,0,0,5,4494850,4487000,6.95336585,0.998,4469000,0.198,,9,48,23,97,71,19,1,4,1,3.76,,0.794172967,4.23558884,2.29552984,8.55941916,-1.63,0.09,-0.05,-0.34,0.27,-0.8,-0.86,0.23,-0.27,-0.5,0.15,-0.31,-0.84,0.26,-0.31,4742.82,20446608.6,186912.012,10.4941215,
142,MiddleEast_NorthAfrica,MENA,TUN,Tunisia,0,1.77,0,0,15132,1.434435,0,53486,53486,4.72824012,0,1,5000,3.69905686,5,12314800,8324261,7.31468996,0.676,3856984,0.363,0.74,6,32,20,70,61,26,,5,1,7.41,,0.549491933,2.93623644,1.83163978,6.41739229,-1.08,0.22,-0.21,0.15,0.08,0.54,0.45,0.13,0.29,0.1,0.12,1.17,0.04,0.24,5.77,7703.78,10549100,155220.703,10.5206336,10.512745
143,MiddleEast_NorthAfrica,MENA,ARE,United_Arab_Emirates,0,0.77,0,0,,0,0,4016,4016,3.6037937,0,1,7000,3.84516008,,,,,,5859118,0.709,,2,18,12,37,,,,4,,86.94,,0.293724299,1.88434839,1.25623226,3.8733828,-0.85,0.15,-0.18,0.84,0.08,0.1,0.79,0.1,0.13,0.52,0.16,0.3,0.96,0.31,0.32,34750.51,7511690,79534.6775,11.1997785,11.220554
144,MiddleEast_NorthAfrica,MENA,YEM,Yemen,0,5.12,0,0,592,2.46E-02,0,43734,43734,4.6408192,0,1,5500,3.74044165,8,8008700,11101200,7.28125844,1.386,2609698,0.108,,6,17,23,60,32,47,7,6,2,3.29,,0.458397732,1.27737936,1.72821914,4.58397732,-1.1,0.15,-0.14,-1.64,0.36,-0.22,-0.92,0.11,-0.12,-1.16,0.17,-0.14,-0.88,0.16,-0.18,2266.77,24052514,417489.098,10.1654896,10.1174113
9,North_America,NAM,CAN,Canada,109,97.67,1.12,0.326335861,411071,12.051775,1723873,7117823,8841696,6.94653558,0.195,118,8592877,6.93413865,,,,,,27757540,0.816,1.91,51,31,30,161,159,1444,,53,,44.53,59.15,2.44968236,1.24319979,1.22922492,6.44156844,1.47,0.1,0.07,1.03,0.11,0.11,1.89,0.07,0.04,1.74,0.05,0.03,2.01,0.1,0.05,35243.33,34108752,9753742.04,11.940907,11.9514598
38,North_America,NAM,USA,United_States_of_America,470,101.42,4.63,0.750508395,2732954,8.843057,77454929,3799960,81254889,7.9098495,0.9532,718,73006210,7.86335981,,,,,,245203319,0.783,2.63,305,246,130,392,,,10,106,4,49.35,61.11,12.3131679,9.93127648,5.2482355,15.8254486,1.22,0.12,0.1,0.25,0.37,1.49,1.6,0.14,0.09,1.54,0.07,0.04,1.51,0.29,0.19,42642.18,309050816,9325028.98,13.0625032,13.0698242
145,SubSaharanafrica,SSA,AGO,Angola,0,14.04,0,0,167,8.75E-03,0,105664,105664,5.02392705,0,4,125000,5.09691349,3,8139000,19759001,7.4455731,2.428,744195,0.056,,128,31,43,303,242,109,4,15,,65.59,0,7.71759149,1.86914188,2.59262839,18.2689869,-1.23,0.13,-0.1,-0.88,0.6,-0.68,-1.22,0.15,-0.13,-1.41,0.13,-0.1,-1.32,0.1,-0.08,5454.38,19081912,1254991.88,10.0752809,10.091974
146,SubSaharanafrica,SSA,BEN,Benin,0,1.32,0,0,1185,0.1339,7380,51176,58556,4.7675714,0.126,1,18000,4.25529663,7,13600270,40685446,7.73468558,2.992,277002,0.03,,40,17,18,180,142,10,,4,1,98.88,,3.88342964,1.65457598,1.74754334,17.4754334,0.24,0.14,0.6,0.46,0.17,0.37,-0.45,0.11,-0.24,-0.54,0.14,-0.27,-0.63,0.17,-0.28,1423.89,8849892,115937.185,9.52333035,9.53658897
147,SubSaharanafrica,SSA,BWA,Botswana,0,6.51,0,0,1312,0.65373,0,154798,154798,5.18976535,0,5,38479,4.58523506,8,12995182,45115762,7.76425794,3.472,167180,0.081,0.516,50,23,27,179,152,52,,7,,100,,3.51712284,1.61787655,1.89924633,12.5912998,0.55,0.11,0.21,0.92,0.08,0.08,0.56,0.06,0.11,0.61,0.06,0.09,0.93,0.19,0.21,12459.21,2006945,580647.205,9.92471702,9.94888558
148,SubSaharanafrica,SSA,BFA,Burkina_Faso,0,3.08,0,0,1495,9.08E-02,0,41945,41945,4.6226802,0,3,20940,4.32099742,6,22310061,29090000,7.71096364,1.304,230562,0.014,0.204,31,13,20,160,,,,2,,83.82,,2.52967346,1.68386458,1.63247395,13.5637916,-0.34,0.07,-0.21,0.01,0.17,13.08,-0.63,0.08,-0.14,-0.43,0.14,-0.33,-0.22,0.14,-0.64,1126.55,16468714,276366.976,9.66798079,9.68569351
149,SubSaharanafrica,SSA,BDI,Burundi,0,0.28,0,0,92,1.10E-02,0,29535,29535,4.47033698,0,1,20000,4.30105171,5,1308125,2325571,6.56034871,1.778,176040,0.017,,41,11,35,204,193,3,,4,1,30.35,99.3,5.39848138,1.44837354,4.68459717,26.8673663,-1.02,0.35,-0.35,-1.81,0.48,-0.27,-1.25,0.17,-0.14,-1.24,0.21,-0.17,-1.02,0.06,-0.06,366.44,8382849,25267.44,9.06405125,9.08188406
150,SubSaharanafrica,SSA,CMR,Cameroon,0,5.21,0,0,3761,0.191899,14744,241222,255966,5.40818228,0.0576,5,137000,5.13672374,10,25671932,143994928,8.22959703,5.609,783956,0.04,,197,26,43,341,221,39,4,14,1,53.94,10.28,14.4861477,1.91187645,3.16194957,25.7499493,-1.05,0.07,-0.07,-0.48,0.15,-0.31,-0.81,0.08,-0.1,-1.16,0.08,-0.07,-1,0.1,-0.1,2046.13,19598889,465122.797,10.1071637,10.1250314
151,SubSaharanafrica,SSA,CPV,Cape_Verde,,,,0,40,8.06E-02,0,47436,47436,4.67610806,0,0,0,0,5,7114751,19951900,7.43243454,2.804,148800,0.288,,1,,6,3,,,,1,1,14.65,0,0.189296258,,1.13577755,0.567888774,0.71,0.14,0.2,0.9,0.16,0.17,0.11,0.17,1.54,0.47,0.18,0.38,0.52,0.25,0.48,3573.46,495999,4114.24221,8.98749051,9.00886952
152,SubSaharanafrica,SSA,CAF,Central_African_Republic,1,6.97,0.14,0.056904851,,0,0,29463,29463,4.46927697,0,2,10000,4.00004343,5,4717482,3350000,6.90673806,0.71,123800,0.025,,80,14,22,272,,,,6,,97.06,,5.54646595,0.976315334,1.52527812,18.8579848,-1.02,0.2,-0.19,-1.71,0.33,-0.19,-1.48,0.09,-0.06,-1.46,0.17,-0.12,-1.06,0.19,-0.18,707.64,4401051,624263.865,9.0044931,9.01859342
153,SubSaharanafrica,SSA,TCD,Chad,0,14.27,0,0,144,1.28E-02,0,6865,6865,3.83664054,0,0,0,0,5,2693221,4995000,6.88582592,1.855,190863,0.018,,32,15,24,147,130,105,,8,,55.41,,1.9239647,0.918584175,1.44297346,8.83821243,-1.27,0.22,-0.17,-1.61,0.27,-0.17,-1.27,0.3,-0.24,-1.32,0.25,-0.19,-1.24,0.2,-0.16,1229.06,11227208,1272812.69,9.52754667,9.54080533
154,SubSaharanafrica,SSA,COM,Comoros,0,0.02,0,0,27,3.67E-02,0,29601,29601,4.47130638,0,0,0,0,4,2861700,840000,6.56840134,0.294,37472,0.047,,0,6,9,10,2,3,,1,1,0,0,,1.35853441,2.37795662,2.26342174,-0.48,0.23,-0.49,-0.41,0.45,-1.11,-1.54,0.3,-0.19,-1.03,0.13,-0.12,-0.81,0.14,-0.17,983.8,734750,1683.34288,8.39310097,8.40266744
155,SubSaharanafrica,SSA,COG,Congo,1,3.85,0.26,0.100370545,598,0.147914,0,21971,21971,4.34184982,0,2,40300,4.60531582,5,11399960,4950001,7.21351675,0.434,295132,0.07,,88,14,15,245,185,33,1,4,,55.41,,6.87358641,1.93524187,1.17163358,19.1366733,-1.09,0.23,-0.21,-0.91,0.45,-0.5,-1.27,0.06,-0.05,-1.26,0.12,-0.09,-1.03,0.12,-0.12,3808.09,4042899,343952.295,9.70492259,9.71952974
157,SubSaharanafrica,SSA,CIV,Cote_d_Ivoire,2,3.6,0.56,0.193124598,,0,0,105846,105846,5.02467445,0,2,40000,4.60207085,6,6105900,21731596,7.44463018,3.559,968000,0.045,,97,21,34,246,,,3,6,1,100,96.46,7.67987268,1.66729224,2.68879966,19.4542564,-1.25,0.12,-0.1,-1.83,0.34,-0.19,-1.16,0.16,-0.14,-1.39,0.14,-0.1,-1.05,0.18,-0.17,1703.61,19737800,323297.511,10.0643395,10.0433014
158,SubSaharanafrica,SSA,DJI,Djibouti,0,0.24,0,0,27,3.04E-02,0,2178,2178,3.33805788,0,0,0,0,2,1538260,1170000,6.43269052,0.761,61320,0.081,,7,8,18,70,63,2,,2,1,0,,0.949299719,1.84913964,2.44156419,9.49299719,-0.92,0.27,-0.29,-0.19,0.45,-2.37,-0.87,0.13,-0.15,-0.73,0.11,-0.14,-0.55,0.25,-0.45,2087.17,888716,21800.8506,,
159,SubSaharanafrica,SSA,GNQ,Equatorial_Guinea,0,0.3,0,0,,0,0,58489,58489,4.7670742,0,1,8000,3.90314427,2,2064182,4450000,6.81385996,2.156,42024,0.063,,90,13,13,173,,,1,5,1,100,,11.6783144,1.68686764,1.68686764,22.4483155,-1.76,0.11,-0.06,-0.04,0.32,-8.89,-1.54,0.16,-0.1,-1.31,0.07,-0.05,-1.53,0.09,-0.06,31156.04,787584,27183.8978,9.77300291,9.80563608
160,SubSaharanafrica,SSA,ERI,Eritrea,0,1.36,0,0,215,4.09E-02,0,5525,5525,3.74233228,0,0,0,0,4,11309000,11410400,7.35639688,1.009,283699,0.048,,19,13,28,105,94,14,,7,2,29.35,,1.82276375,1.24715414,2.68617815,1.73168634,-1.96,0.24,-0.12,-0.79,0.19,-0.24,-1.15,0.21,-0.18,-0.89,0.36,-0.41,-0.17,0.33,-1.9,489.7,5253676,123059.769,8.88712021,8.92341898
161,SubSaharanafrica,SSA,ETH,Ethiopia,1,12.69,0.08,0.033423755,3746,4.52E-02,0,169779,169779,5.22988397,0,3,116000,5.06446173,7,20114830,34829500,7.73992289,1.732,622122,0.007,0.176,64,20,44,278,208,91,8,12,,85.41,31.86,3.93745334,1.23439167,2.76966167,17.131442,-1.18,0.11,-0.1,-1.54,0.27,-0.17,-0.65,0.24,-0.37,-0.74,0.1,-0.14,-0.67,0.08,-0.12,933.84,82949541,1134616.89,10.2585806,10.2891765
162,SubSaharanafrica,SSA,GAB,Gabon,2,2.92,0.68,0.225309282,740,0.491543,0,163130,163130,5.21253384,0,1,40000,4.60207085,6,12324041,24537882,7.566578,1.991,108845,0.069,0.544,89,14,11,184,146,24,1,3,,89.35,0,7.31635545,1.15887374,0.942686578,15.1259483,-0.8,0.19,-0.24,0.25,0.11,0.44,-0.73,0.17,-0.23,-0.47,0.17,-0.37,-0.74,0.23,-0.32,13489.45,1505463,266364.321,9.80235241,9.8227695
163,SubSaharanafrica,SSA,GMB,Gambia,0,0.12,0,0,784,3.929647,0,13135,13135,4.11843008,0,0,0,0,5,2354950,2107876,6.64961005,0.895,159012,0.088,0.023,29,11,21,115,90,2,,,,8.76,,4.51799833,1.71372353,3.27165396,17.9162253,-0.85,0.24,-0.28,0.2,0.21,1.04,-0.61,0.09,-0.15,-0.26,0.19,-0.71,-0.59,0.15,-0.26,1265.18,199509,10895.8135,9.0573471,9.03828118
164,SubSaharanafrica,SSA,GHA,Ghana,0,2.63,0,0,2547,0.10442,0,89152,89152,4.95013109,0,5,102052,5.00882578,7,26286364,91778000,8.07211884,3.491,2085501,0.084,0.232,78,19,34,242,174,25,,5,1,78.06,,6.54775834,1.59496678,2.85415172,2.31483998,0.3,0.21,0.72,-0.04,0.16,-4.04,-0.1,0.13,-1.34,-0.05,0.09,-1.77,-0.1,0.17,-1.6,1468.82,24391823,239888.706,9.94393752,10.0023224
165,SubSaharanafrica,SSA,GIN,Guinea,2,2.75,0.73,0.238046103,1123,0.112507,493,37229,37722,4.57659471,0.0131,2,19800,4.29668712,6,9402561,21261900,7.48663535,2.261,95823,0.009,,89,18,31,240,165,23,3,5,1,39.94,99.61,7.43247257,1.531967,2.58883877,2.42622664,-1.24,0.14,-0.11,-1.66,0.54,-0.32,-1.04,0.19,-0.18,-1.34,0.21,-0.16,-0.95,0.23,-0.24,978.37,9981590,246197.397,9.58849925,9.60515142
166,SubSaharanafrica,SSA,GNB,Guinea-Bissau,0,0.35,0,0,203,0.465456,0,14413,14413,4.15875439,0,0,0,0,6,7149980,10800001,7.25406402,1.51,37123,0.023,,34,11,20,125,96,2,,2,,89.88,,4.21738776,1.36433585,2.48616299,15.5381644,-0.78,0.24,-0.3,-0.54,0.17,-0.32,-1.18,0.16,-0.14,-1.3,0.09,-0.07,-1.05,0.09,-0.09,1064.11,436131,34068.811,8.38809314,8.41052151
167,SubSaharanafrica,SSA,KEN,Kenya,15,6.41,2.34,0.523746467,7186,0.177377,0,245388,245388,5.38985332,0,2,1100000,6.04139308,11,15905058,20938658,7.56636344,1.316,10492785,0.255,0.418,99,28,50,358,271,51,5,13,3,67.18,83.08,6.95874682,1.96813486,3.51451859,25.1639538,-0.32,0.23,-0.73,-1.23,0.12,-0.1,-0.61,0.07,-0.12,-0.92,0.09,-0.1,-0.93,0.08,-0.08,1477.3,40512682,582801.686,10.2802218,10.2988221
168,SubSaharanafrica,SSA,LSO,Lesotho,0,0.35,0,0,105,4.84E-02,0,62389,62389,4.79510803,0,3,21600,4.33447386,3,3481286,4796888,6.9179346,1.378,83813,0.044,0.05,25,11,16,98,66,2,2,3,,1.41,,3.16736282,1.39349323,2.26899242,12.4147576,-0.11,0.16,-1.47,0.05,0.28,5.17,-0.36,0.12,-0.32,-0.17,0.13,-0.76,-0.08,0.18,-2.3,1385.8,2171318,30650.6122,9.03190875,9.05635962
169,SubSaharanafrica,SSA,LBR,Liberia,0,1.07,0,0,36,9.01E-03,0,68216,68216,4.83388625,0,1,7000,3.84516008,6,3702679,17786001,7.33220976,4.804,20000,0.005,,67,17,27,188,142,12,5,4,1,10.41,17.22,6.74768386,1.7127974,2.71918547,18.9335878,-0.7,0.6,-0.85,-1.46,0.56,-0.38,-1.41,0.21,-0.15,-1.37,0.4,-0.29,-0.86,0.39,-0.46,375.65,3994122,96521.6344,9.02254067,9.06174702
170,SubSaharanafrica,SSA,MDG,Madagascar,3,6.67,0.45,0.161368002,1052,5.08E-02,17755,557127,574882,5.75957871,0.0309,2,80000,4.90309542,10,52139850,314855003,8.56465998,6.039,352135,0.016,0.18,241,61,37,195,60,74,1,7,1,18,37.12,16.8719262,4.27276556,2.59167747,13.6588471,-0.23,0.33,-1.42,-0.17,0.51,-3.09,-0.56,0.13,-0.23,-0.4,0.22,-0.54,-0.09,0.12,-1.44,868.92,20713819,594797.541,9.70130457,9.70558016
171,SubSaharanafrica,SSA,MWI,Malawi,0,1.09,0,0,1552,0.104155,0,78064,78064,4.8924508,0,3,100000,5.00000434,6,11275000,3525000,7.17026175,0.313,716400,0.045,,84,17,28,210,161,10,1,9,1,94.88,96.64,8.4543222,1.71993778,2.81817399,21.1358549,-0.34,0.16,-0.47,-0.02,0.16,-7.22,-0.56,0.15,-0.26,-0.27,0.14,-0.54,-0.57,0.23,-0.4,791.31,14900841,96828.3331,9.43065486,9.44913689
172,SubSaharanafrica,SSA,MLI,Mali,1,14.11,0.07,0.029383778,820,5.34E-02,0,21824,21824,4.33893435,0,1,6400,3.80624783,6,13717821,20250001,7.53106771,1.476,414985,0.029,0.249,29,16,26,161,123,111,,6,,14.29,,1.74791539,0.964367111,1.56796556,9.73944575,0.22,0.12,0.56,0.17,0.21,1.24,-0.76,0.11,-0.14,-0.31,0.13,-0.42,-0.5,0.14,-0.28,954.98,15369809,1257152.49,9.62323467,9.63480512
173,SubSaharanafrica,SSA,MRT,Mauritania,1,11.66,0.09,0.037426498,190,5.49E-02,151,17834,17985,4.25491044,0.0084,1,6200,3.79246173,5,1495280,3598751,6.70706167,2.407,100333,0.031,,13,12,28,95,77,90,,8,,3.18,,0.8128319,0.753636927,1.75714842,5.93992536,-0.91,0.11,-0.12,-0.3,0.51,-1.7,-0.56,0.39,-0.7,-0.67,0.22,-0.33,-0.37,0.34,-0.94,1743.88,3459773,1046437,9.32378695,9.3439411
174,SubSaharanafrica,SSA,MUS,Mauritius,1,0,216.78,2.338017993,506,0.394938,0,59322,59322,4.77321579,0,1,25000,4.39795738,8,7803540,10804561,7.26970208,1.385,323494,0.248,0.331,2,1,13,6,1,3,,1,1,28.29,0.23,0.436879626,0.218439813,2.83925176,1.31423888,0.83,0.07,0.08,0.82,0.17,0.21,0.64,0.12,0.19,0.93,0.07,0.08,0.51,0.12,0.23,12269.52,1281214,2012.32094,9.82193426,9.83929973
175,SubSaharanafrica,SSA,MOZ,Mozambique,0,8.8,0,0,621,2.65E-02,0,102319,102319,5.00995629,0,5,125350,5.0981278,8,24739500,47437750,7.85840034,1.917,975395,0.043,0.414,82,44,46,234,195,80,4,14,3,90.76,0.01,5.43183356,2.9146424,3.47126145,15.5598216,-0.08,0.06,-0.68,0.21,0.23,1.06,-0.49,0.06,-0.12,-0.64,0.07,-0.12,-0.5,0.09,-0.18,845.02,23390765,784037.781,9.95290407,9.98269354
176,SubSaharanafrica,SSA,NAM,Namibia,1,9.25,0.11,0.045322979,629,0.27548,0,402047,402047,5.60427683,0,1,76000,4.88081931,9,23451701,119800915,8.15610257,5.108,148414,0.069,,57,31,47,190,144,83,4,12,1,82.76,,3.73447942,2.39899562,3.79242761,12.4482647,0.35,0.1,0.29,0.59,0.46,0.78,0.1,0.07,0.68,0.19,0.13,0.67,0.23,0.17,0.74,5807.06,2283289,828456.376,9.78926117,9.80545497
177,SubSaharanafrica,SSA,NER,Niger,0,13.3,0,0,531,3.42E-02,0,9818,9818,3.99202303,0,1,0,0,4,2218020,5200000,6.87028806,2.344,128749,0.008,,22,11,23,137,101,100,,7,,41.59,,1.34789472,0.673947359,1.41734448,8.3494618,-0.34,0.19,-0.58,-0.47,0.4,-0.85,-0.82,0.12,-0.15,-0.72,0.1,-0.14,-0.83,0.15,-0.18,653.03,15511953,1189352.11,9.44423037,9.454106
178,SubSaharanafrica,SSA,NGA,Nigeria,0,10.2,0,0,13399,8.46E-02,0,111923,111923,5.04891934,0,8,194500,5.28892184,5,13108740,114415000,8.10559105,8.728,45039711,0.265,0.22,108,22,36,291,219,79,1,15,1,75.94,0.03,6.94555646,1.41483558,2.31518549,18.7144162,-0.73,0.1,-0.14,-1.78,0.19,-0.11,-0.97,0.14,-0.15,-1.27,0.2,-0.15,-1.1,0.17,-0.16,2135.46,158423182,909041.158,10.9327632,10.9635876
179,SubSaharanafrica,SSA,RWA,Rwanda,0,0.27,0,0,264,2.48E-02,0,32638,32638,4.51372354,0,1,16702,4.22279448,5,6305045,8959085,7.18367209,1.421,818048,0.072,,48,12,39,238,206,3,3,4,1,56.94,99.04,6.31482128,1.57875322,5.13776729,31.3189389,-1.34,0.12,-0.09,-0.87,0.61,-0.71,-0.46,0.33,-0.72,-0.74,0.3,-0.4,-0.24,0.41,-1.68,1043.57,10624005,25375.082,9.57349127,9.60803146
180,SubSaharanafrica,SSA,STP,Sao_Tome_and_Principe,0,0.01,0,0,20,0.120921,0,11169,11169,4.04801429,0,1,1500,3.17638069,2,2581182,8390000,7.04025346,3.25,31012,0.173,,7,3,14,8,,,,1,1,0,0,1.75522479,0.752237348,3.51449573,2.59662613,0.27,0.13,0.48,0.45,0.29,0.65,-0.67,0.08,-0.12,-0.52,0.17,-0.33,-0.49,0.22,-0.46,1699.44,165397,1008.86212,,
181,SubSaharanafrica,SSA,SEN,Senegal,0,2.22,0,0,2197,0.176697,0,53818,53818,4.73092755,0,2,122000,5.08636339,3,5216500,12000000,7.23594489,2.3,1989396,0.157,0.371,34,15,26,162,107,18,,4,,99.47,,2.96773976,1.39296955,2.26944854,14.1447138,0.01,0.24,23.6,-0.26,0.18,-0.69,-0.27,0.16,-0.6,-0.2,0.15,-0.72,-0.28,0.31,-1.11,1732.2,12433728,197362.895,9.842989,9.85427122
182,SubSaharanafrica,SSA,SYC,Seychelles,,,,0,163,1.883849,0,75569,75569,4.87834368,0,1,3081,3.48883263,10,12297100,18187061,7.48407426,1.479,33900,0.38,0.395,12,18,11,5,1,1,1,2,1,75,39.41,3.43243259,5.14864888,3.14639654,1.43182442,0.05,0.11,2.27,0.83,0.18,0.21,0.06,0.08,1.32,0.18,0.2,1.12,0.26,0.11,0.41,20848.3,86525,522.271285,8.88102011,8.9020049
183,SubSaharanafrica,SSA,SLE,Sierra_Leone,0,0.82,0,0,98,1.67E-02,0,46778,46778,4.67004165,0,4,64857,4.81196355,3,7075000,13600000,7.31544554,1.922,48520,0.009,,58,15,26,181,,,,4,1,29.06,,6.17949539,1.59814536,2.77118621,19.2842873,-0.5,0.42,-0.85,-0.59,0.6,-1.03,-1.26,0.13,-0.11,-1.12,0.17,-0.15,-0.91,0.11,-0.12,741.69,5867536,72840.8335,9.19708822,9.22239408
184,SubSaharanafrica,SSA,SOM,Somalia,1,7.17,0.14,0.056904851,11,1.18E-03,0,37118,37118,4.56958457,0,1,10000,4.00004343,0,0,0,0,0,106000,0.011,,30,20,30,153,190,67,2,7,3,3.41,0,2.71551443,1.38134296,2.71551443,1.56491236,-1.85,0.15,-0.08,-2.76,0.45,-0.16,-2.18,0.23,-0.11,-2.36,0.25,-0.11,-1.73,0.21,-0.12,559.14,9330872,636982.734,,
185,SubSaharanafrica,SSA,ZAF,South_Africa,28,13.69,2.05,0.484299839,48164,0.963448,7753914,3545892,11299806,7.05307099,0.6862,54,3215390,6.50723379,14,59309706,253324335,8.49503627,4.271,6800000,0.139,0.832,119,57,67,261,,,10,18,3,38.24,40.07,7.21879739,3.45394669,4.5992145,15.8154397,0.62,0.07,0.11,-0.1,0.18,-1.79,0.59,0.13,0.22,0.11,0.06,0.54,0.34,0.19,0.56,9476.36,49991300,1224041.62,11.2733245,11.2866789
186,SubSaharanafrica,SSA,SWZ,Swaziland,0,0.19,0,0,202,0.170312,0,176004,176004,5.24552254,0,1,7200,3.85739281,5,1380560,716500,6.32161106,0.519,95122,0.069,,47,28,19,149,1,1,4,3,1,17.71,,6.66415957,3.97137617,2.69421951,21.1268371,-1.33,0.1,-0.08,-0.08,0.14,-1.87,-0.8,0.18,-0.23,-0.73,0.14,-0.19,-0.32,0.15,-0.47,4548.22,1186056,17448.6711,9.2813978,9.28700725
187,SubSaharanafrica,SSA,TZA,Tanzania,4,9.94,0.4,0.146128036,3655,8.15E-02,9980,302475,312455,5.49478748,0.0319,5,292000,5.46538434,10,26230224,62503153,7.94808702,2.383,4932535,0.115,0.434,184,36,61,360,309,79,6,18,2,99.82,78.9,11.8622668,2.32877972,3.93259729,23.2877972,-0.26,0.14,-0.53,-0.4,0.31,-0.78,-0.43,0.06,-0.14,-0.4,0.08,-0.19,-0.58,0.25,-0.43,1285.62,44841226,897949.259,10.3002841,10.3274249
188,SubSaharanafrica,SSA,TGO,Togo,0,0.63,0,0,375,6.22E-02,7982,19724,27706,4.44257383,0.2881,1,15000,4.17612021,2,1461000,3025000,6.65185937,2.07,356300,0.053,,49,16,25,184,137,5,,3,1,66.35,,5.47683344,1.78817864,2.79391854,2.56324439,-1.21,0.16,-0.13,-0.4,0.43,-1.05,-1.46,0.11,-0.08,-0.9,0.14,-0.16,-0.91,0.12,-0.14,895.27,6027798,57362.9327,9.20491304,9.22554851
189,SubSaharanafrica,SSA,UGA,Uganda,0,2.34,0,0,3181,9.52E-02,0,100853,100853,5.00368882,0,4,84767,4.92823194,11,23880000,69820440,7.97174164,2.924,4178085,0.121,0.316,69,18,45,352,265,19,8,9,1,65.76,98.25,5.94584615,1.55891639,3.87722997,3.3285476,-0.62,0.2,-0.33,-1.28,0.22,-0.17,-0.54,0.07,-0.13,-0.53,0.14,-0.26,-0.83,0.07,-0.08,1141.39,33424683,210598.49,10.1038412,10.1320056
190,SubSaharanafrica,SSA,ZMB,Zambia,0,8.33,0,0,1108,8.57E-02,0,53945,53945,4.7319512,0,8,111000,5.04532689,5,11274440,48098000,7.77358491,4.266,882170,0.064,0.062,91,25,28,258,226,64,1,11,1,100,,6.75649768,1.66913455,1.86943698,17.2254686,-0.34,0.1,-0.3,0.19,0.28,1.45,-0.81,0.07,-0.08,-0.51,0.06,-0.11,-0.69,0.15,-0.22,1401.15,12926409,753777.738,9.74962737,9.77683278
191,SubSaharanafrica,SSA,ZWE,Zimbabwe,2,4.37,0.46,0.164352856,2110,0.167841,0,90332,90332,4.95584163,0,5,540636,5.73290577,5,6583456,71066900,7.89014346,10.795,1445717,0.12,,66,29,28,219,178,32,,7,1,99.76,98.84,5.22143628,2.25851766,2.12978791,16.6579842,-1.49,0.15,-0.1,-1.23,0.19,-0.16,-1.17,0.3,-0.26,-1.66,0.17,-0.1,-1.3,0.14,-0.11,93.19,12571454,392742.923,9.60799188,9.646921
