Genus,Sp,Name,Pattern,HD,SD,GA,YA,MA,OA,PF
Amblyscirtes,tolteca,Amblyscirtes_tolteca,Sand,9,0,24,27,0,0,0
Anthanassa,tulcis,Anthanassa_tulcis,Sand,0,40,18,57,28,4,3
Atrytone,sp,Atrytone_sp,Sand,0,6,0,37,0,0,0
Calephelis,fulmen,Calephelis_fulmen,Sand,3,0,0,10,87,50,0
Calephelis,maya,Calephelis_maya,Sand,2,75,14,89,0,0,0
Calephelis,yucatana,Calephelis_yucatana,Sand,14,159,53,154,9,0,0
Chiomora,asychis,Chiomora_asychis,Sand,4,61,36,64,71,53,0
Chlosyne,lacinia,Chlosyne_lacinia,Sand,0,0,0,4,0,0,0
Euphyes,sp,Euphyes_sp,Sand,0,20,4,8,0,36,33
Euptoieta,hegesia,Euptoieta_hegesia,Sand,0,0,2,4,0,0,0
Heliopetes,arsalte,Heliopetes_arsalte,Sand,0,11,2,12,13,0,0
Heliopetes,laviana,Heliopetes_laviana,Sand,11,102,28,120,106,31,1
Heliopetes,macaira,Heliopetes_macaira,Sand,13,81,25,90,79,12,0
Hylephyla,phylaeus,Hylephyla_phylaeus,Sand,0,0,46,12,0,0,0
Librita,sp,Librita_sp,Sand,0,0,70,0,0,0,0
Phyciodes,phaon,Phyciodes_phaon,Sand,0,1,35,17,0,0,0
Pyrgus,communis,Pyrgus_communis,Sand,14,74,87,125,55,0,0
Pyrgus,oileus,Pyrgus_oileus,Sand,0,80,25,80,81,3,0
Systacea,pulverulenta,Systacea_pulverulenta,Sand,0,0,5,2,0,0,0
Thessalia,theona,Thessalia_theona,Sand,1,3,40,82,6,0,0
Wallengrenia,otho,Wallengrenia_otho,Sand,0,0,4,0,0,0,0
Yvretta,carus,Yvretta_carus,Sand,0,0,13,2,0,0,0
Chlosyne,erodyle,Chlosyne_erodyle,BlackOrange,0,0,0,0,0,0,2
Chlosyne,hippodrome,Chlosyne_hippodrome,BlackOrange,0,0,0,0,1,0,0
Chlosyne,janais,Chlosyne_janais,BlackOrange,0,0,1,0,3,0,0
Chlosyne,lacinia,Chlosyne_lacinia,BlackOrange,0,0,28,64,0,0,0
Agraulis,vanillae,Agraulis_vanillae,ShrubOrange,11,16,90,180,73,9,0
Danaus,eresimus,Danaus_eresimus,ShrubOrange,0,17,7,19,15,0,0
Danaus,gilippus,Danaus_gilippus,ShrubOrange,12,77,14,94,88,27,23
Danaus,plexippus,Danaus_plexippus,ShrubOrange,41,38,57,64,44,32,25
Dione,juno,Dione_juno,ShrubOrange,0,36,17,25,42,43,55
Dryadula,phaetusa,Dryadula_phaetusa,ShrubOrange,0,9,0,12,10,0,0
Dryas,iulia,Dryas_iulia,ShrubOrange,37,69,36,64,82,82,80
Euptoieta,claudia,Euptoieta_claudia,ShrubOrange,0,0,3,4,0,0,0
Euptoieta,hegesia,Euptoieta_hegesia,ShrubOrange,6,0,34,67,0,0,0
Achlyodes,busirus,Achlyodes_busirus,DarkCryptic,0,0,0,0,0,3,4
Aguna,asander,Aguna_asander,DarkCryptic,0,0,0,0,0,1,3
Cepheuptychia,glaucina,Cepheuptychia_glaucina,DarkCryptic,0,0,0,0,0,13,34
Cissia,confusa,Cissia_confusa,DarkCryptic,0,0,0,0,0,0,28
Cremna,umbra,Cremna_umbra,DarkCryptic,0,0,0,0,0,13,26
Diophtalma,tetrica,Diophtalma_tetrica,DarkCryptic,0,0,0,0,0,1,4
Hermeuptychia,hermes,Hermeuptychia_hermes,DarkCryptic,0,12,0,2,66,50,110
Magneuptychia,libye,Magneuptychia_libye,DarkCryptic,0,0,0,0,0,40,59
Taygetis,andromeda,Taygetis_andromeda,DarkCryptic,0,0,0,0,1,34,48
Taygetis,virgilia,Taygetis_virgilia,DarkCryptic,0,0,0,0,0,10,22
Vareuptychia,similis,Vareuptychia_similis,DarkCryptic,0,0,0,0,0,0,19
Vareuptychia,usitata,Vareuptychia_usitata,DarkCryptic,0,0,0,0,0,28,132
Yphtimoides,renata,Yphtimoides_renata,DarkCryptic,0,0,0,0,0,29,64
Achlyodes,busirus,Achlyodes_busirus,OpenContrasting,0,3,0,1,1,16,25
Achlyodes,thraso,Achlyodes_thraso,OpenContrasting,0,0,0,10,13,20,24
Aguna,asander,Aguna_asander,OpenContrasting,0,0,0,0,0,3,6
Aguna,coelus,Aguna_coelus,OpenContrasting,0,0,0,0,2,19,27
Aguna,sp,Aguna_sp,OpenContrasting,0,0,0,0,1,3,3
Aguna,metophis,Aguna_metophis,OpenContrasting,0,0,0,0,0,0,2
Atarnes,sallei,Atarnes_sallei,OpenContrasting,0,0,0,0,0,0,2
Carrhenes,sp,Carrhenes_sp,OpenContrasting,0,0,0,0,0,8,11
Carystus,fantasos,Carystus_fantasos,OpenContrasting,0,0,0,0,0,2,4
Cepheuptychia,glaucina,Cepheuptychia_glaucina,OpenContrasting,0,0,0,0,0,11,30
Diophtalma,methion,Diophtalma_methion,OpenContrasting,0,0,0,0,0,0,2
Diophtalma,tetrica,Diophtalma_tetrica,OpenContrasting,0,0,0,0,0,0,14
Euselasia,sp,Euselasia_sp,OpenContrasting,0,0,0,0,0,1,2
Paches,loxus,Paches_loxus,OpenContrasting,0,0,0,0,0,14,34
Paches,polla,Paches_polla,OpenContrasting,0,0,0,0,0,1,0
Pareuptychia,hesione,Pareuptychia_hesione,OpenContrasting,0,0,0,0,0,0,20
Pareuptychia,metaleuca,Pareuptychia_metaleuca,OpenContrasting,0,0,0,0,0,0,6
Quadrus,cerialis,Quadrus_cerialis,OpenContrasting,0,0,0,0,0,3,8
Remella,remus?,Remella_remus?,OpenContrasting,0,0,0,0,0,17,23
Sostrata,bifascia,Sostrata_bifascia,OpenContrasting,0,0,0,1,0,0,6
Vettius,fantasos,Vettius_fantasos,OpenContrasting,0,0,0,0,0,18,23
Biblis,hyperia,Biblis_hyperia,BlackRed,9,52,13,26,70,58,52
Parides,polyzelus,Parides_polyzelus,BlackRed,0,0,0,0,0,0,29
Parides,iphidamas,Parides_iphidamas,BlackRed,0,0,2,0,0,8,66
Parides,montezuma,Parides_montezuma,BlackRed,0,7,0,0,0,2,12
Parides,photinus,Parides_photinus,BlackRed,0,4,0,0,0,16,18
Priamides,anchisiades,Priamides_anchisiades,BlackRed,0,0,1,0,0,1,4
Priamides,rogeri,Priamides_rogeri,BlackRed,0,16,4,10,17,30,48
Priamides,torquatus,Priamides_torquatus,BlackRed,0,0,0,0,0,0,2
Protesilaus,belesis,Protesilaus_belesis,BlackRed,0,9,0,0,0,8,18
Colobura,dirce,Colobura_dirce,ObliqueBand,0,0,0,0,0,37,27
Dynastor,darius,Dynastor_darius,ObliqueBand,0,0,0,0,0,1,3
Hamadryas,amphinome,Hamadryas_amphinome,ObliqueBand,0,0,8,8,6,3,2
Nessaea,aglaura,Nessaea_aglaura,ObliqueBand,0,0,0,0,0,0,9
Opsiphanes,cassina,Opsiphanes_cassina,ObliqueBand,0,0,2,0,0,47,49
Opsiphanes,tamarindi,Opsiphanes_tamarindi,ObliqueBand,0,0,1,0,0,0,0
Siderone,galanthis,Siderone_galanthis,ObliqueBand,0,1,0,0,2,7,12
Smyrna,blondia,Smyrna_blondia,ObliqueBand,0,0,0,0,0,11,15
Smyrna,karwinskii,Smyrna_karwinskii,ObliqueBand,0,0,0,0,0,4,4
Hamadryas,amphinome,Hamadryas_amphinome,Bark,0,12,7,18,24,21,18
Hamadryas,februa,Hamadryas_februa,Bark,13,65,16,52,101,99,92
Hamadryas,guatemalena,Hamadryas_guatemalena,Bark,1,66,22,7,66,67,53
Hamadryas,honorina,Hamadryas_honorina,Bark,0,12,0,3,19,33,22
Anaea,aidea,Anaea_aidea,CanopyOrange,0,0,2,0,0,0,0
Fountainea,glycerium,Fountainea_glycerium,CanopyOrange,0,0,0,0,0,0,2
Historis,acheronta,Historis_acheronta,CanopyOrange,0,2,0,0,0,43,46
Historis,odius,Historis_odius,CanopyOrange,1,11,6,0,1,73,78
Marpesia,petreus,Marpesia_petreus,CanopyOrange,22,45,30,7,69,69,66
Opsiphanes,boisduvali,Opsiphanes_boisduvali,CanopyOrange,0,0,0,0,0,1,0
Pseudonica,flavilla,Pseudonica_flavilla,CanopyOrange,0,3,0,0,0,2,8
Smyrna,blonfildia,Smyrna_blonfildia,CanopyOrange,0,0,0,0,0,6,9
Temenis,laothoe,Temenis_laothoe,CanopyOrange,0,6,3,0,0,12,21
Adelpha,ixia,Adelpha_ixia,Adelpha,0,0,0,0,0,5,5
Adelpha,basiloides,Adelpha_basiloides,Adelpha,0,19,1,4,25,35,45
Adelpha,fessonia,Adelpha_fessonia,Adelpha,0,0,0,0,0,2,1
Adelpha,massilia,Adelpha_massilia,Adelpha,0,0,0,0,0,22,31
Adelpha,naxia,Adelpha_naxia,Adelpha,0,0,0,0,0,6,4
Thisbe,lycorias,Thisbe_lycorias,Adelpha,0,0,1,0,2,2,4
Doxocopa,laure,Doxocopa_laure,Adelpha,5,43,16,9,45,72,72
Doxocopa,pavon,Doxocopa_pavon,Adelpha,5,18,8,0,40,78,78
Notheme,eumeus,Notheme_eumeus,Adelpha,0,0,0,0,0,0,2
Pyrrhogyra,hypsenor,Pyrrhogyra_hypsenor,Adelpha,0,0,0,0,0,7,24
Pyrrhogyra,otolais,Pyrrhogyra_otolais,Adelpha,0,11,0,0,12,17,38
Thisbe,lycorias,Thisbe_lycorias,Adelpha,0,0,0,0,0,0,9
Archaeoprepona,antimache,Archaeoprepona_antimache,ClosedReflecting,0,24,18,14,28,59,60
Archaeoprepona,demophon,Archaeoprepona_demophon,ClosedReflecting,0,14,11,12,37,49,58
Cymatogramma,pithyusa,Cymatogramma_pithyusa,ClosedReflecting,0,0,0,0,0,24,11
Doxocopa,pavon,Doxocopa_pavon,ClosedReflecting,5,19,8,0,27,63,65
Eunica,monima,Eunica_monima,ClosedReflecting,0,0,0,0,0,11,14
Eunica,tatila,Eunica_tatila,ClosedReflecting,0,0,2,0,0,30,33
Memphis,forreri,Memphis_forreri,ClosedReflecting,0,4,3,0,16,28,26
Memphis,morvus,Memphis_morvus,ClosedReflecting,0,6,1,1,1,12,20
Memphis,oenomais,Memphis_oenomais,ClosedReflecting,0,0,0,0,0,4,9
Myscelia,cyaniris,Myscelia_cyaniris,ClosedReflecting,0,0,1,0,0,23,32
Myscelia,ethusa,Myscelia_ethusa,ClosedReflecting,0,1,0,1,12,2,2
Prepona,omphale,Prepona_omphale,ClosedReflecting,0,0,0,0,0,5,15
Siderone,galanthis,Siderone_galanthis,ClosedReflecting,0,0,0,0,0,2,4
Eueides,isabella,Eueides_isabella,Tiger,0,0,3,0,0,6,18
Lycorea,ceres,Lycorea_ceres,Tiger,0,0,0,0,1,1,2
Lycorea,cleobaea,Lycorea_cleobaea,Tiger,0,0,0,0,0,0,7
